Timestamp	I_0	Q_0	I_1	Q_1	I_2	Q_2	I_3	Q_3
0.0	411	-252	585	-613	680	-1116	1176	-2104
0.030919	410	-253	584	-614	680	-1116	1176	-2104
0.077792	413	-252	585	-613	680	-1116	1176	-2104
0.109707	413	-253	584	-614	680	-1117	1176	-2104
0.159574	412	-252	584	-613	680	-1116	1176	-2104
0.206449	412	-250	584	-613	680	-1116	1176	-2104
0.238364	411	-250	585	-613	680	-1116	1176	-2104
0.285239	411	-251	584	-613	680	-1116	1176	-2104
0.317156	410	-252	584	-613	679	-1116	1176	-2104
0.368019	410	-251	583	-613	680	-1116	1176	-2104
0.398935	411	-252	585	-614	680	-1116	1176	-2104
0.446807	412	-251	584	-614	680	-1116	1176	-2104
0.492685	412	-253	584	-614	679	-1116	1176	-2104
0.526596	412	-253	585	-613	680	-1116	1176	-2104
0.572472	412	-252	584	-613	680	-1116	1176	-2104
0.607379	411	-252	583	-614	680	-1116	1176	-2104
0.65226	412	-252	584	-614	680	-1116	1176	-2104
0.688164	411	-251	584	-614	679	-1116	1176	-2104
0.733045	411	-251	585	-614	680	-1116	1176	-2104
0.781915	412	-250	585	-614	680	-1116	1176	-2104
0.813828	411	-251	584	-614	680	-1116	1176	-2104
0.860703	412	-252	585	-613	680	-1116	1176	-2104
0.894612	412	-252	585	-614	680	-1116	1176	-2103
0.94049	412	-253	586	-614	679	-1116	1176	-2104
0.972405	412	-253	584	-613	680	-1116	1176	-2104
1.020277	412	-252	585	-613	680	-1116	1176	-2104
1.681512	412	-251	584	-614	680	-1116	1176	-2104
1.681512	411	-251	584	-615	679	-1116	1176	-2104
1.681512	412	-252	584	-614	680	-1116	1176	-2104
1.681512	412	-252	584	-613	679	-1116	1176	-2104
1.681512	411	-252	584	-614	680	-1116	1176	-2104
1.681512	411	-252	585	-613	680	-1116	1176	-2104
1.681512	412	-252	584	-614	680	-1116	1176	-2104
1.681512	412	-250	584	-614	680	-1116	1176	-2104
1.681512	412	-249	584	-614	680	-1116	1176	-2104
1.681512	412	-250	584	-614	680	-1116	1176	-2104
1.681512	413	-250	584	-613	679	-1116	1176	-2104
1.681512	412	-251	584	-614	680	-1116	1176	-2104
1.681512	411	-250	584	-614	680	-1116	1176	-2104
1.681512	410	-253	585	-614	680	-1116	1176	-2104
1.681512	412	-253	584	-614	680	-1117	1176	-2104
1.681512	412	-253	584	-614	679	-1116	1176	-2104
1.724401	412	-252	584	-613	680	-1116	1176	-2104
1.756312	412	-252	583	-613	680	-1116	1176	-2104
1.804186	412	-253	584	-614	680	-1116	1176	-2104
1.847071	410	-252	584	-614	679	-1116	1176	-2104
1.885966	411	-252	585	-614	680	-1116	1176	-2104
1.95977	412	-252	584	-614	680	-1116	1176	-2104
1.970741	412	-254	583	-613	680	-1116	1176	-2104
2.033573	412	-254	584	-614	680	-1116	1176	-2104
2.058506	412	-254	583	-615	680	-1116	1176	-2104
2.127323	413	-252	584	-614	680	-1116	1176	-2104
2.148267	412	-251	584	-613	679	-1116	1176	-2103
2.186166	412	-253	583	-613	679	-1116	1176	-2104
2.220075	413	-252	584	-614	680	-1116	1176	-2103
2.251991	412	-251	584	-614	680	-1116	1176	-2104
2.323799	411	-251	584	-614	680	-1116	1176	-2104
2.332777	411	-252	584	-614	680	-1116	1176	-2104
2.410567	411	-251	584	-614	679	-1116	1176	-2104
2.428519	412	-252	584	-613	680	-1116	1176	-2104
2.490365	412	-252	584	-613	680	-1116	1176	-2103
2.526264	411	-251	584	-614	679	-1116	1176	-2104
2.553186	411	-252	584	-614	680	-1116	1176	-2104
2.606046	411	-251	584	-613	680	-1116	1176	-2104
2.631976	411	-250	584	-613	680	-1116	1176	-2104
2.67885	412	-251	584	-614	680	-1116	1176	-2104
2.707773	412	-251	584	-614	680	-1116	1176	-2104
2.753651	412	-252	584	-614	680	-1116	1176	-2104
2.780579	413	-253	584	-613	680	-1116	1176	-2104
2.828452	413	-252	583	-615	680	-1116	1176	-2104
2.906246	412	-252	582	-614	680	-1116	1176	-2104
2.931177	412	-249	584	-614	680	-1116	1176	-2104
2.9601	412	-252	584	-613	680	-1116	1176	-2104
2.996004	412	-251	585	-613	680	-1116	1176	-2104
3.06183	412	-250	584	-614	680	-1116	1176	-2104
3.071802	412	-252	584	-614	680	-1116	1176	-2104
3.120671	412	-251	584	-614	680	-1116	1176	-2104
3.179515	412	-252	584	-613	680	-1116	1176	-2104
3.199461	412	-251	584	-613	680	-1116	1176	-2104
3.268277	413	-252	585	-613	680	-1116	1176	-2104
3.300192	412	-251	586	-614	680	-1116	1176	-2104
3.330113	412	-253	585	-613	680	-1116	1176	-2104
3.391948	411	-251	584	-614	680	-1116	1176	-2104
3.42087	412	-251	584	-613	680	-1116	1176	-2104
3.459767	412	-251	584	-613	680	-1116	1176	-2104
3.509633	411	-252	585	-614	680	-1116	1176	-2104
3.542545	409	-251	585	-614	680	-1116	1176	-2104
3.568476	411	-251	584	-615	680	-1116	1176	-2104
3.640285	412	-252	585	-615	680	-1116	1176	-2104
3.675192	412	-253	584	-614	679	-1116	1176	-2104
3.69813	412	-253	584	-614	680	-1116	1176	-2104
3.788888	410	-252	583	-614	680	-1116	1176	-2104
3.815816	410	-253	584	-614	680	-1116	1176	-2104
3.819805	411	-251	584	-613	680	-1116	1176	-2104
3.852717	411	-250	585	-614	680	-1116	1176	-2104
3.90059	412	-250	584	-614	680	-1116	1176	-2104
3.939486	412	-251	584	-614	679	-1116	1176	-2104
3.995337	413	-251	584	-614	680	-1116	1176	-2104
4.065151	412	-249	584	-614	679	-1116	1176	-2104
4.074596	411	-250	584	-614	680	-1116	1176	-2104
4.116485	412	-250	584	-614	680	-1116	1176	-2104
4.168349	411	-252	584	-613	680	-1116	1176	-2104
4.224197	411	-253	585	-613	680	-1116	1176	-2104
4.230181	412	-253	584	-614	680	-1116	1176	-2104
4.272069	411	-252	584	-614	680	-1116	1176	-2104
4.33191	410	-250	583	-613	680	-1116	1176	-2104
4.359835	412	-251	584	-613	680	-1116	1176	-2104
4.411697	413	-253	585	-613	680	-1116	1176	-2103
4.436631	412	-253	584	-613	680	-1116	1176	-2104
4.539356	411	-251	584	-613	680	-1116	1176	-2104
4.539356	411	-251	584	-614	680	-1116	1176	-2104
4.574264	411	-253	584	-615	679	-1116	1176	-2104
4.614157	412	-252	585	-614	680	-1116	1176	-2104
4.730845	412	-252	584	-614	679	-1116	1176	-2104
4.738824	411	-250	584	-613	680	-1116	1176	-2104
4.738824	412	-248	584	-614	680	-1116	1176	-2103
4.772734	411	-250	585	-614	680	-1116	1176	-2104
4.849528	410	-252	584	-613	680	-1116	1176	-2104
4.869476	411	-252	583	-614	680	-1116	1176	-2104
4.909369	412	-252	583	-614	679	-1116	1176	-2104
4.933304	411	-250	584	-614	680	-1116	1176	-2104
5.020073	410	-252	584	-614	680	-1116	1176	-2104
5.02905	411	-251	585	-614	679	-1116	1176	-2104
5.060964	412	-252	584	-614	680	-1116	1176	-2104
5.090885	411	-251	585	-614	680	-1116	1176	-2104
5.147732	412	-252	584	-613	679	-1116	1176	-2104
5.191615	413	-252	585	-615	679	-1116	1176	-2104
5.240485	410	-252	583	-614	680	-1116	1176	-2104
5.263425	411	-252	584	-614	679	-1116	1176	-2103
5.312293	412	-253	585	-613	680	-1116	1176	-2104
5.345206	412	-252	584	-613	680	-1116	1176	-2104
5.375126	413	-253	584	-613	680	-1116	1176	-2104
5.421003	412	-253	584	-613	680	-1116	1176	-2104
5.467881	411	-251	583	-614	680	-1117	1176	-2104
5.506774	412	-251	584	-614	680	-1116	1176	-2104
5.548663	412	-251	585	-614	680	-1116	1176	-2104
5.580577	411	-253	584	-613	679	-1116	1176	-2104
5.628449	412	-253	584	-613	680	-1117	1176	-2104
5.660364	412	-251	585	-613	679	-1116	1176	-2104
5.708237	411	-251	585	-613	680	-1117	1176	-2104
5.756109	411	-252	585	-613	680	-1116	1176	-2104
5.788025	412	-251	585	-614	679	-1116	1176	-2104
5.835895	412	-252	585	-613	680	-1116	1176	-2104
5.867812	412	-252	584	-613	679	-1116	1176	-2104
5.923662	412	-250	583	-613	679	-1116	1176	-2104
5.958568	412	-251	584	-614	680	-1116	1176	-2104
6.058303	411	-251	584	-613	680	-1116	1176	-2104
6.074261	412	-250	584	-613	680	-1116	1176	-2104
6.100191	411	-252	584	-614	680	-1117	1176	-2104
6.125124	411	-252	584	-615	680	-1117	1176	-2104
6.159033	411	-250	584	-613	680	-1116	1176	-2104
6.27672	411	-252	585	-614	680	-1116	1176	-2104
6.285695	412	-252	584	-613	680	-1116	1176	-2104
6.305642	411	-251	584	-614	680	-1116	1176	-2104
6.339552	412	-251	584	-614	679	-1116	1176	-2104
6.397398	412	-251	585	-613	680	-1116	1176	-2104
6.488154	411	-253	585	-613	680	-1116	1176	-2104
6.488154	411	-252	585	-614	680	-1116	1176	-2104
6.52007	412	-250	583	-614	680	-1116	1176	-2104
6.534032	413	-251	584	-614	680	-1116	1176	-2104
6.57991	412	-252	584	-614	680	-1116	1176	-2104
6.668674	413	-251	585	-614	679	-1116	1176	-2104
6.706572	413	-251	585	-614	680	-1116	1176	-2104
6.715548	411	-252	584	-614	680	-1116	1176	-2103
6.754444	412	-253	584	-614	680	-1116	1176	-2104
6.783367	412	-253	584	-614	679	-1116	1176	-2104
6.839218	412	-252	584	-614	680	-1116	1176	-2104
6.929976	412	-252	585	-613	680	-1116	1176	-2104
6.929976	412	-252	584	-614	680	-1116	1176	-2104
6.940947	411	-252	584	-614	679	-1116	1176	-2104
7.002782	411	-252	585	-614	680	-1116	1176	-2104
7.093539	411	-252	584	-614	680	-1116	1176	-2104
7.109498	411	-251	584	-613	680	-1116	1176	-2104
7.121464	411	-250	585	-614	679	-1116	1176	-2104
7.188285	412	-251	585	-613	680	-1116	1176	-2104
7.204244	413	-252	585	-613	680	-1116	1176	-2104
7.236158	411	-252	585	-613	680	-1116	1176	-2104
7.36282	410	-251	584	-613	680	-1116	1176	-2104
7.36282	413	-250	585	-613	680	-1116	1176	-2104
7.393738	412	-250	585	-614	680	-1116	1176	-2104
7.403712	411	-251	584	-614	680	-1116	1176	-2104
7.44161	412	-251	584	-615	680	-1116	1176	-2104
7.470567	412	-251	585	-614	680	-1116	1176	-2104
7.608228	410	-252	585	-614	680	-1116	1176	-2104
7.608228	411	-252	585	-614	680	-1116	1176	-2104
7.627177	411	-252	585	-613	680	-1116	1176	-2104
7.657097	412	-251	585	-613	680	-1116	1176	-2104
7.696991	411	-250	585	-613	680	-1116	1176	-2104
7.738879	411	-251	585	-613	680	-1116	1176	-2104
7.778773	413	-251	585	-614	680	-1116	1176	-2104
7.817669	413	-251	584	-614	679	-1116	1176	-2104
7.862549	412	-252	584	-614	680	-1116	1176	-2104
7.884491	412	-252	584	-614	679	-1116	1176	-2104
7.932362	411	-252	584	-613	680	-1116	1176	-2104
7.964277	411	-253	585	-613	680	-1116	1176	-2104
8.012148	411	-251	584	-614	680	-1116	1176	-2104
8.044064	411	-251	584	-613	680	-1116	1176	-2104
8.091936	411	-251	585	-613	679	-1116	1176	-2104
8.140807	413	-251	585	-614	680	-1116	1176	-2103
8.172721	411	-250	584	-614	680	-1116	1176	-2104
8.219596	411	-251	583	-613	680	-1116	1176	-2104
8.252509	410	-251	583	-614	680	-1116	1176	-2104
8.30038	411	-252	584	-615	680	-1116	1176	-2104
8.331845	411	-253	585	-613	680	-1116	1176	-2104
8.386698	412	-253	584	-613	679	-1116	1176	-2104
8.48344	412	-251	583	-613	679	-1116	1176	-2104
8.514358	413	-251	584	-613	680	-1116	1176	-2104
8.56223	413	-251	584	-613	680	-1116	1176	-2104
8.608107	412	-251	585	-614	679	-1116	1176	-2104
8.643014	411	-252	584	-614	679	-1116	1176	-2104
8.64501	412	-252	583	-613	680	-1116	1176	-2104
8.674929	411	-252	583	-613	680	-1116	1176	-2104
8.751724	412	-252	584	-613	679	-1116	1176	-2104
8.82852	411	-252	585	-613	680	-1116	1176	-2104
8.851458	412	-251	584	-613	680	-1116	1176	-2104
8.851458	412	-251	584	-614	680	-1116	1176	-2104
8.901326	412	-251	584	-614	680	-1116	1176	-2103
8.909304	410	-252	584	-613	680	-1116	1176	-2104
8.97413	411	-252	584	-614	680	-1116	1176	-2104
9.078852	412	-251	584	-613	680	-1116	1176	-2103
9.078852	412	-252	585	-613	680	-1116	1176	-2104
9.09082	411	-254	585	-614	680	-1116	1176	-2104
9.13171	412	-253	585	-614	680	-1116	1176	-2104
9.165619	411	-252	585	-614	680	-1116	1176	-2104
9.199529	410	-252	584	-614	680	-1116	1176	-2104
9.329183	411	-252	585	-613	680	-1116	1176	-2104
9.329183	412	-253	585	-614	680	-1116	1176	-2104
9.37905	412	-252	585	-614	680	-1116	1176	-2104
9.409967	411	-251	584	-613	680	-1116	1176	-2104
9.424928	411	-251	584	-613	680	-1116	1176	-2104
9.460831	411	-253	584	-614	680	-1116	1176	-2104
9.504716	411	-252	585	-614	680	-1116	1176	-2104
9.598464	410	-251	584	-615	680	-1116	1176	-2104
9.598464	411	-253	585	-614	679	-1116	1176	-2104
9.679249	412	-253	585	-612	679	-1116	1176	-2104
9.704182	411	-252	584	-613	679	-1116	1176	-2103
9.705182	411	-253	583	-614	680	-1116	1176	-2104
9.745073	412	-251	584	-613	680	-1116	1176	-2104
9.821868	413	-251	584	-612	679	-1116	1176	-2104
9.821868	411	-253	585	-613	680	-1116	1176	-2104
9.892679	411	-252	585	-613	680	-1116	1176	-2104
9.939554	412	-250	585	-614	680	-1116	1176	-2104
9.948533	411	-252	584	-614	680	-1116	1176	-2104
10.010366	412	-252	585	-614	679	-1116	1176	-2104
10.032307	412	-253	585	-614	680	-1116	1176	-2104
10.070206	412	-252	585	-614	680	-1116	1176	-2104
10.142014	411	-253	585	-614	680	-1116	1176	-2104
10.194872	411	-253	584	-613	680	-1116	1176	-2104
10.202851	411	-251	584	-613	679	-1116	1176	-2104
10.249727	413	-251	583	-613	680	-1116	1176	-2104
10.276653	411	-251	584	-613	680	-1116	1176	-2104
10.371401	411	-251	584	-614	680	-1116	1176	-2104
10.371401	412	-251	585	-614	680	-1116	1176	-2103
10.442216	412	-252	585	-614	680	-1116	1176	-2103
10.478116	412	-250	585	-614	680	-1116	1176	-2104
10.479114	410	-251	586	-613	680	-1116	1176	-2104
10.523994	410	-253	584	-613	680	-1116	1176	-2104
10.558901	412	-252	584	-613	680	-1116	1176	-2104
10.624725	413	-252	584	-613	680	-1116	1176	-2104
10.636693	412	-252	584	-614	680	-1116	1176	-2104
10.684565	411	-251	584	-613	679	-1116	1176	-2103
10.745403	412	-251	584	-614	680	-1116	1176	-2104
10.764353	411	-250	584	-613	680	-1116	1176	-2104
10.812225	410	-250	583	-614	680	-1116	1176	-2103
10.845137	409	-249	583	-614	680	-1116	1176	-2104
10.892011	411	-250	584	-613	680	-1116	1176	-2104
10.923927	411	-251	584	-614	680	-1116	1176	-2104
10.971798	411	-252	584	-614	680	-1116	1176	-2104
11.021666	412	-252	585	-614	679	-1116	1176	-2104
11.051585	413	-251	584	-614	680	-1116	1176	-2104
11.100456	411	-251	584	-614	680	-1116	1176	-2104
11.13237	410	-252	584	-614	680	-1116	1176	-2104
11.180243	411	-251	583	-614	680	-1116	1176	-2104
11.212157	412	-251	584	-613	680	-1116	1176	-2104
11.26003	412	-253	584	-613	679	-1116	1176	-2104
11.329844	412	-252	584	-613	680	-1116	1176	-2104
11.352782	412	-249	584	-614	680	-1116	1176	-2104
11.393673	412	-251	584	-614	679	-1117	1176	-2104
11.453513	412	-252	584	-613	680	-1116	1176	-2104
11.546266	412	-252	584	-613	680	-1116	1176	-2104
11.546266	412	-251	584	-613	680	-1116	1176	-2104
11.58616	411	-253	584	-613	680	-1116	1176	-2104
11.648991	411	-253	584	-613	679	-1116	1176	-2104
11.650987	412	-255	583	-613	680	-1116	1176	-2104
11.682901	412	-252	585	-614	680	-1116	1176	-2104
11.723792	411	-253	585	-614	680	-1116	1176	-2104
11.826585	411	-252	585	-613	680	-1116	1176	-2103
11.860495	411	-251	584	-613	680	-1116	1176	-2103
11.901386	411	-251	584	-613	679	-1116	1176	-2104
11.912356	411	-252	584	-613	679	-1116	1176	-2104
11.924325	413	-251	585	-613	680	-1116	1176	-2103
12.013087	412	-251	585	-614	680	-1116	1176	-2103
12.06096	413	-253	584	-614	680	-1116	1176	-2104
12.10185	411	-252	584	-614	680	-1116	1176	-2104
12.125787	412	-251	584	-613	679	-1116	1176	-2104
12.126787	412	-252	584	-614	679	-1116	1176	-2104
12.16568	412	-253	584	-614	680	-1116	1176	-2104
12.213552	411	-252	584	-613	679	-1116	1176	-2104
12.260427	412	-253	584	-613	680	-1116	1176	-2104
12.404044	412	-252	584	-614	680	-1116	1176	-2104
12.404044	411	-252	584	-614	680	-1116	1176	-2104
12.452914	412	-253	584	-615	680	-1116	1176	-2104
12.459895	411	-251	584	-615	680	-1116	1176	-2104
12.459895	411	-251	584	-614	680	-1116	1176	-2104
12.494802	413	-252	584	-614	680	-1116	1176	-2104
12.629442	413	-250	584	-613	679	-1116	1176	-2104
12.629442	413	-251	585	-613	680	-1116	1176	-2103
12.654376	413	-251	584	-613	680	-1116	1176	-2104
12.694269	411	-253	584	-614	679	-1116	1176	-2104
12.743139	411	-252	585	-613	680	-1116	1176	-2104
12.743139	411	-251	585	-614	680	-1116	1176	-2104
12.785027	411	-253	585	-614	680	-1116	1176	-2104
12.890744	412	-253	585	-615	679	-1116	1176	-2104
12.916676	410	-252	584	-615	680	-1116	1176	-2104
13.014415	410	-252	584	-614	680	-1116	1176	-2104
13.021396	411	-253	584	-615	680	-1116	1176	-2104
13.021396	412	-252	584	-614	680	-1116	1176	-2104
13.022394	412	-253	585	-614	679	-1116	1176	-2104
13.075252	411	-251	584	-613	680	-1116	1176	-2104
13.197925	412	-252	584	-613	679	-1116	1176	-2104
13.197925	411	-252	584	-613	680	-1116	1176	-2104
13.210891	411	-250	584	-613	679	-1116	1176	-2104
13.231835	411	-250	584	-614	679	-1116	1176	-2104
13.281701	411	-252	584	-614	680	-1116	1176	-2104
13.313617	413	-251	584	-614	680	-1116	1176	-2104
13.451249	412	-252	584	-614	680	-1116	1176	-2103
13.49214	411	-253	584	-614	680	-1116	1176	-2104
13.49214	411	-253	584	-614	680	-1116	1176	-2104
13.500118	411	-251	584	-613	680	-1116	1176	-2104
13.531036	411	-250	584	-614	680	-1116	1176	-2104
13.576915	411	-251	584	-614	680	-1116	1176	-2104
13.616811	410	-252	585	-614	680	-1116	1176	-2104
13.652711	412	-252	584	-613	680	-1116	1176	-2104
13.691608	411	-251	584	-613	679	-1116	1176	-2104
13.723522	411	-252	584	-613	680	-1116	1176	-2104
13.772392	412	-251	584	-613	680	-1116	1176	-2104
13.804307	411	-252	584	-613	680	-1116	1176	-2104
13.852179	411	-251	584	-613	680	-1116	1176	-2104
13.884094	412	-252	584	-613	680	-1116	1176	-2103
13.931966	412	-252	585	-613	679	-1116	1176	-2104
13.979838	412	-252	584	-613	680	-1116	1176	-2104
14.011753	412	-252	584	-614	680	-1116	1176	-2103
14.060623	412	-253	584	-613	680	-1116	1176	-2104
14.092537	411	-253	585	-613	680	-1116	1176	-2104
14.141407	411	-253	585	-614	680	-1116	1176	-2104
14.172325	411	-251	584	-614	680	-1116	1176	-2104
14.220197	409	-250	584	-614	679	-1116	1176	-2104
14.269067	412	-254	584	-614	680	-1116	1176	-2104
14.300981	412	-254	584	-613	680	-1116	1176	-2104
14.355835	412	-253	585	-613	680	-1116	1176	-2104
14.502443	412	-252	584	-613	680	-1116	1176	-2104
14.502443	411	-251	584	-614	680	-1116	1176	-2104
14.502443	411	-250	584	-614	680	-1116	1176	-2104
14.528374	413	-252	583	-613	680	-1116	1176	-2104
14.561286	413	-250	584	-613	680	-1116	1176	-2104
14.592203	412	-251	584	-614	680	-1116	1176	-2104
14.727842	412	-251	584	-613	680	-1116	1176	-2104
14.727842	412	-251	584	-614	680	-1116	1176	-2103
14.727842	410	-252	584	-613	679	-1116	1176	-2104
14.786685	412	-252	584	-613	680	-1116	1176	-2104
14.798652	412	-252	585	-613	680	-1116	1176	-2104
14.917335	411	-252	584	-614	680	-1116	1176	-2104
14.963215	411	-252	584	-614	680	-1116	1176	-2104
15.005102	413	-251	583	-614	680	-1116	1176	-2104
15.005102	412	-252	583	-613	679	-1116	1176	-2104
15.026046	411	-251	585	-613	680	-1116	1176	-2104
15.043998	412	-251	585	-614	680	-1116	1176	-2104
15.116804	412	-251	585	-614	680	-1116	1176	-2104
15.134755	412	-252	585	-613	680	-1116	1176	-2104
15.218534	413	-252	585	-613	680	-1116	1176	-2104
15.239477	412	-252	584	-613	680	-1116	1176	-2103
15.261418	411	-254	584	-614	680	-1116	1176	-2104
15.30929	410	-252	585	-614	680	-1116	1176	-2104
15.344197	411	-252	584	-614	680	-1116	1176	-2104
15.380101	411	-251	584	-614	680	-1116	1176	-2104
15.508758	412	-252	583	-614	679	-1116	1176	-2104
15.508758	412	-251	584	-614	680	-1116	1176	-2104
15.590539	412	-250	584	-613	680	-1116	1176	-2104
15.600513	413	-250	585	-613	680	-1116	1176	-2104
15.600513	412	-252	584	-613	680	-1116	1176	-2104
15.625446	411	-252	585	-613	679	-1116	1176	-2104
15.771057	411	-251	584	-613	679	-1116	1176	-2103
15.814941	412	-251	584	-614	680	-1116	1176	-2104
15.814941	412	-251	584	-613	680	-1116	1176	-2104
15.814941	412	-252	585	-612	680	-1116	1176	-2104
15.823918	411	-252	585	-613	679	-1116	1176	-2104
15.886748	412	-253	584	-613	680	-1117	1176	-2104
15.90869	411	-251	583	-613	680	-1116	1176	-2104
15.988477	413	-252	584	-614	680	-1116	1176	-2104
16.065273	411	-250	583	-613	680	-1116	1176	-2104
16.065273	410	-251	584	-613	680	-1116	1176	-2104
16.104168	411	-252	585	-614	680	-1116	1176	-2104
16.124115	412	-251	584	-613	680	-1116	1176	-2104
16.165006	409	-250	584	-614	680	-1116	1176	-2104
16.251775	411	-250	584	-614	680	-1116	1176	-2104
16.27172	412	-252	584	-614	680	-1116	1176	-2104
16.277705	412	-253	584	-613	679	-1116	1176	-2104
16.319593	412	-252	585	-614	680	-1116	1176	-2104
16.372452	412	-251	584	-614	680	-1116	1176	-2104
16.397386	412	-251	584	-614	680	-1116	1176	-2104
16.44426	411	-253	585	-613	679	-1116	1176	-2104
16.477173	411	-251	585	-613	680	-1116	1176	-2104
16.524049	411	-249	583	-614	679	-1116	1176	-2104
16.56793	412	-250	584	-614	679	-1116	1176	-2104
16.604832	412	-250	585	-613	679	-1116	1176	-2104
16.651708	412	-250	584	-612	680	-1116	1176	-2104
16.683622	412	-251	583	-613	679	-1116	1176	-2104
16.743462	412	-250	584	-613	680	-1116	1176	-2104
16.764407	412	-250	584	-613	680	-1116	1176	-2104
16.812278	412	-251	584	-614	680	-1116	1176	-2104
16.847185	412	-251	584	-614	680	-1116	1176	-2104
16.892065	412	-251	584	-614	680	-1116	1176	-2104
16.939938	412	-252	584	-614	680	-1116	1176	-2103
16.971853	412	-252	584	-614	680	-1116	1176	-2104
17.019725	411	-252	584	-613	680	-1116	1176	-2104
17.070589	412	-251	584	-613	680	-1116	1176	-2104
17.104498	412	-251	585	-613	680	-1116	1176	-2104
17.137411	412	-252	585	-614	680	-1116	1176	-2104
17.206229	412	-252	583	-613	680	-1116	1176	-2104
17.230163	412	-253	584	-613	680	-1116	1176	-2104
17.334883	411	-252	584	-613	679	-1116	1176	-2104
17.344857	412	-251	585	-614	679	-1116	1176	-2104
17.378767	411	-250	583	-615	680	-1116	1176	-2104
17.393727	411	-251	583	-614	680	-1116	1176	-2104
17.427636	412	-253	583	-614	680	-1116	1176	-2104
17.530362	412	-252	583	-613	680	-1116	1176	-2104
17.593194	411	-251	584	-614	680	-1116	1176	-2104
17.635082	411	-252	584	-613	680	-1116	1176	-2105
17.652038	411	-252	583	-614	680	-1116	1176	-2104
17.652038	411	-251	584	-614	680	-1116	1176	-2104
17.682955	411	-252	584	-614	680	-1116	1176	-2104
17.722848	411	-252	584	-614	680	-1116	1176	-2104
17.810614	411	-252	585	-613	680	-1116	1176	-2104
17.854496	412	-251	584	-614	680	-1116	1176	-2104
17.879431	412	-251	585	-614	680	-1116	1176	-2104
17.906358	411	-251	585	-614	680	-1116	1176	-2104
17.922317	411	-251	584	-613	680	-1116	1176	-2104
17.965201	412	-251	585	-613	679	-1116	1176	-2104
18.052968	413	-250	585	-614	680	-1116	1176	-2104
18.09685	411	-251	585	-613	680	-1116	1176	-2104
18.123778	411	-252	584	-614	680	-1116	1176	-2104
18.138747	412	-253	584	-614	680	-1116	1176	-2104
18.175639	412	-252	584	-614	680	-1116	1176	-2104
18.21354	411	-251	584	-613	680	-1116	1176	-2104
18.332223	410	-253	583	-612	679	-1116	1176	-2104
18.332223	412	-252	584	-614	680	-1116	1176	-2104
18.351171	411	-250	584	-614	679	-1116	1176	-2104
18.411011	412	-251	584	-614	680	-1116	1176	-2104
18.424975	412	-251	584	-613	680	-1116	1176	-2104
18.464868	410	-250	583	-613	680	-1116	1176	-2104
18.498777	411	-250	584	-614	680	-1116	1176	-2104
18.648379	412	-249	585	-614	680	-1116	1176	-2104
18.648379	412	-250	584	-614	680	-1116	1177	-2104
18.671317	411	-250	584	-614	680	-1116	1176	-2104
18.686277	411	-252	584	-613	680	-1116	1176	-2104
18.703231	412	-252	585	-613	680	-1116	1176	-2104
18.748112	412	-252	585	-614	680	-1116	1176	-2104
18.84984	412	-252	584	-614	680	-1116	1176	-2104
18.84984	412	-251	584	-613	680	-1116	1176	-2104
18.927633	410	-252	584	-613	680	-1116	1176	-2104
18.92863	411	-253	585	-614	680	-1116	1176	-2104
18.957553	412	-251	584	-613	680	-1116	1176	-2104
19.026369	412	-253	585	-614	680	-1117	1176	-2104
19.090198	412	-253	585	-613	680	-1116	1176	-2104
19.11214	410	-251	583	-614	680	-1116	1176	-2104
19.133084	411	-250	583	-614	680	-1116	1176	-2104
19.148044	411	-253	584	-614	679	-1116	1176	-2104
19.215863	411	-252	584	-614	680	-1116	1176	-2104
19.243788	411	-251	584	-614	680	-1116	1176	-2104
19.276701	411	-251	584	-613	680	-1116	1176	-2104
19.323575	410	-253	584	-613	680	-1116	1176	-2104
19.360477	412	-251	585	-614	680	-1116	1176	-2104
19.417325	412	-251	584	-614	680	-1116	1176	-2104
19.436275	413	-251	584	-613	679	-1116	1176	-2104
19.484147	413	-251	584	-612	680	-1116	1176	-2104
19.532018	412	-251	584	-613	680	-1116	1176	-2104
19.566927	412	-250	584	-613	680	-1116	1176	-2104
19.613801	412	-250	583	-614	680	-1116	1176	-2104
19.646713	413	-253	584	-614	680	-1116	1176	-2104
19.70057	413	-252	584	-614	680	-1116	1176	-2104
19.724508	411	-251	583	-614	680	-1116	1176	-2103
19.77936	411	-251	583	-613	680	-1116	1177	-2104
19.821248	411	-252	584	-613	680	-1116	1176	-2104
19.852165	410	-253	584	-613	680	-1116	1176	-2104
19.900037	411	-251	584	-613	680	-1116	1176	-2104
19.942923	411	-251	585	-614	680	-1116	1176	-2104
20.008747	411	-250	584	-614	680	-1116	1176	-2104
20.089531	412	-251	583	-614	680	-1116	1176	-2104
20.089531	412	-253	584	-614	680	-1117	1176	-2104
20.151366	411	-254	585	-613	680	-1116	1176	-2104
20.171313	412	-252	583	-613	680	-1116	1176	-2104
20.191773	412	-253	584	-613	680	-1116	1176	-2104
20.224685	412	-251	584	-613	680	-1116	1176	-2104
20.334392	412	-250	585	-613	679	-1116	1176	-2104
20.334392	411	-251	583	-614	679	-1116	1176	-2104
20.362318	411	-252	584	-614	679	-1117	1176	-2104
20.408195	412	-252	584	-614	680	-1116	1176	-2104
20.43612	412	-250	584	-614	680	-1116	1176	-2104
20.480514	412	-252	584	-613	680	-1116	1176	-2104
20.50844	412	-252	585	-613	679	-1116	1176	-2104
20.653054	412	-252	584	-613	680	-1116	1176	-2104
20.654051	412	-252	584	-612	680	-1116	1176	-2104
20.666019	411	-252	584	-613	680	-1116	1176	-2104
20.720872	411	-252	584	-614	680	-1116	1176	-2104
20.724861	412	-251	584	-613	680	-1116	1176	-2104
20.808639	413	-251	585	-613	680	-1116	1176	-2104
20.871471	412	-252	585	-613	680	-1117	1176	-2104
20.896405	411	-251	586	-614	680	-1116	1176	-2104
20.952255	412	-252	583	-614	680	-1116	1176	-2104
20.972202	412	-251	583	-614	680	-1116	1176	-2104
20.978186	412	-251	584	-614	679	-1116	1177	-2104
21.012096	412	-250	584	-614	680	-1116	1176	-2104
21.109835	411	-251	584	-613	680	-1116	1176	-2104
21.127786	410	-253	585	-613	680	-1116	1176	-2104
21.163691	412	-252	584	-614	680	-1116	1176	-2104
21.194608	411	-251	584	-613	680	-1116	1176	-2103
21.224528	411	-251	584	-613	679	-1116	1176	-2104
21.251456	412	-252	584	-613	679	-1116	1176	-2104
21.353185	411	-251	584	-613	679	-1116	1176	-2104
21.385099	411	-251	585	-614	680	-1116	1176	-2104
21.390088	412	-251	585	-614	680	-1116	1176	-2104
21.539687	412	-253	585	-613	680	-1116	1176	-2104
21.539687	412	-251	584	-613	680	-1116	1176	-2103
21.570605	411	-252	585	-614	679	-1116	1176	-2104
21.570605	411	-253	585	-614	680	-1116	1176	-2104
21.591549	411	-253	585	-614	680	-1116	1176	-2104
21.637427	412	-252	585	-613	680	-1116	1176	-2104
21.743145	413	-252	584	-614	680	-1117	1176	-2104
21.76409	411	-253	584	-614	680	-1116	1176	-2104
21.76409	410	-252	584	-615	680	-1116	1176	-2104
21.826492	410	-252	584	-613	680	-1116	1176	-2104
21.843447	410	-252	584	-614	679	-1116	1176	-2104
21.872373	412	-252	585	-613	680	-1116	1176	-2104
21.92674	410	-252	585	-613	680	-1116	1176	-2104
22.010516	411	-251	585	-614	680	-1116	1177	-2104
22.010516	411	-251	584	-613	680	-1116	1176	-2104
22.107258	412	-251	584	-613	679	-1116	1176	-2104
22.108256	413	-251	584	-614	679	-1116	1176	-2104
22.108256	411	-252	584	-613	680	-1116	1176	-2104
22.158123	411	-250	585	-614	680	-1116	1176	-2104
22.206994	411	-251	585	-613	680	-1116	1176	-2104
22.243894	412	-251	585	-614	680	-1116	1176	-2104
22.290769	412	-251	584	-614	680	-1116	1176	-2104
22.33864	411	-252	585	-614	680	-1116	1176	-2104
22.369558	411	-253	584	-614	679	-1116	1176	-2104
22.395489	412	-249	585	-614	680	-1116	1176	-2104
22.443361	411	-252	585	-613	680	-1116	1176	-2104
22.492231	411	-252	585	-614	680	-1116	1176	-2104
22.524146	411	-251	584	-613	680	-1116	1176	-2104
22.573016	411	-251	584	-613	680	-1116	1176	-2104
22.603932	412	-251	585	-613	680	-1116	1176	-2104
22.651805	411	-252	584	-613	680	-1116	1176	-2104
22.683719	412	-251	585	-613	680	-1116	1176	-2104
22.731594	411	-252	585	-613	680	-1116	1176	-2104
22.779464	411	-252	584	-613	680	-1116	1176	-2104
22.813374	412	-252	584	-614	680	-1116	1176	-2104
22.860249	413	-251	583	-614	680	-1116	1176	-2104
22.901139	412	-251	584	-614	680	-1116	1176	-2104
22.941034	411	-252	585	-614	680	-1116	1176	-2104
22.975939	412	-251	584	-614	680	-1116	1176	-2104
23.079664	412	-251	584	-614	680	-1116	1176	-2104
23.098613	413	-252	585	-613	680	-1116	1176	-2104
23.182388	411	-251	585	-613	680	-1116	1176	-2104
23.194356	411	-251	585	-614	680	-1116	1176	-2104
23.194356	411	-251	584	-614	680	-1116	1176	-2104
23.230261	412	-252	585	-614	680	-1116	1176	-2104
23.300075	412	-251	584	-614	680	-1116	1176	-2104
23.398811	412	-251	585	-613	680	-1116	1176	-2104
23.440699	412	-250	585	-614	680	-1116	1177	-2104
23.440699	411	-250	584	-614	680	-1116	1176	-2104
23.453665	410	-251	585	-614	680	-1116	1176	-2104
23.471617	411	-251	584	-614	680	-1117	1176	-2104
23.553398	411	-251	584	-614	680	-1116	1176	-2104
23.599276	411	-251	584	-614	680	-1116	1176	-2104
23.625207	412	-251	584	-613	680	-1116	1176	-2104
23.684049	412	-252	584	-614	680	-1116	1176	-2104
23.703997	412	-250	584	-614	680	-1116	1176	-2104
23.72893	412	-251	584	-614	680	-1116	1176	-2104
23.761842	412	-253	584	-614	680	-1116	1176	-2104
23.887507	411	-251	585	-613	680	-1116	1176	-2104
23.887507	411	-250	585	-614	680	-1116	1176	-2104
23.902467	411	-250	584	-613	680	-1116	1176	-2104
23.983251	411	-250	584	-614	680	-1116	1176	-2104
23.984249	411	-252	584	-613	680	-1117	1176	-2104
24.013171	411	-252	585	-613	680	-1116	1176	-2104
24.049076	410	-252	585	-614	680	-1116	1176	-2104
24.164767	411	-252	585	-614	680	-1116	1176	-2104
24.207652	411	-253	584	-614	680	-1116	1176	-2104
24.24954	410	-252	585	-613	680	-1116	1176	-2104
24.264501	410	-252	585	-614	679	-1116	1176	-2104
24.27248	411	-251	584	-614	680	-1116	1176	-2104
24.304394	413	-251	584	-613	679	-1116	1177	-2104
24.400979	411	-253	585	-613	680	-1116	1176	-2104
24.428065	411	-252	586	-614	680	-1116	1176	-2104
24.449008	411	-250	585	-614	680	-1116	1176	-2104
24.479925	411	-251	585	-614	680	-1116	1176	-2104
24.526801	413	-252	585	-614	680	-1116	1176	-2104
24.54575	413	-251	585	-614	680	-1116	1176	-2104
24.596615	412	-251	584	-614	680	-1116	1176	-2104
24.694353	412	-252	584	-614	680	-1116	1176	-2104
24.712306	411	-252	584	-614	680	-1116	1176	-2104
24.726268	412	-252	584	-615	680	-1116	1176	-2104
24.777135	412	-251	585	-614	679	-1116	1176	-2104
24.805058	412	-250	584	-614	680	-1116	1176	-2104
24.831987	412	-251	585	-614	680	-1116	1176	-2104
24.944685	412	-251	584	-613	680	-1116	1176	-2104
24.954658	412	-251	584	-614	680	-1116	1177	-2104
24.988568	413	-252	585	-613	680	-1117	1176	-2104
25.001534	412	-252	585	-613	679	-1116	1176	-2104
25.039433	411	-251	583	-613	680	-1116	1176	-2104
25.083315	412	-251	584	-613	679	-1116	1176	-2104
25.137171	411	-252	583	-613	680	-1116	1176	-2104
25.183049	411	-252	584	-614	680	-1116	1176	-2103
25.198009	412	-251	584	-613	680	-1116	1176	-2104
25.243887	412	-252	584	-613	680	-1116	1177	-2103
25.284777	411	-251	584	-613	680	-1116	1176	-2104
25.328661	412	-252	585	-612	680	-1116	1176	-2104
25.355589	412	-250	584	-613	680	-1116	1176	-2104
25.403461	411	-251	584	-613	680	-1116	1176	-2104
25.451334	411	-251	584	-614	680	-1116	1176	-2104
25.484246	413	-251	584	-614	680	-1116	1176	-2104
25.532118	413	-250	583	-614	679	-1116	1176	-2104
25.564032	412	-251	583	-614	680	-1116	1176	-2104
25.611904	411	-251	584	-614	680	-1116	1176	-2104
25.644817	412	-252	584	-614	680	-1116	1176	-2104
25.691691	413	-252	584	-615	679	-1116	1176	-2104
25.739564	413	-251	585	-614	680	-1116	1176	-2104
25.771479	413	-252	585	-614	680	-1116	1176	-2104
25.820351	412	-252	585	-614	680	-1116	1177	-2104
25.858247	411	-251	585	-613	680	-1116	1176	-2104
25.901132	411	-253	584	-614	679	-1116	1176	-2104
26.025316	411	-252	585	-614	680	-1116	1176	-2104
26.075183	411	-252	584	-614	680	-1116	1176	-2103
26.109093	411	-251	585	-613	680	-1116	1176	-2104
26.109093	412	-252	585	-613	680	-1116	1176	-2104
26.14001	411	-250	585	-614	680	-1116	1177	-2104
26.168932	412	-252	585	-614	680	-1116	1176	-2104
26.192868	412	-251	584	-614	680	-1116	1176	-2104
26.224783	411	-251	584	-614	680	-1116	1176	-2104
26.336486	412	-254	584	-613	680	-1116	1176	-2104
26.343466	412	-253	583	-612	680	-1116	1176	-2104
26.347455	412	-252	584	-613	680	-1116	1176	-2104
26.442203	412	-252	584	-614	680	-1116	1176	-2104
26.442203	411	-251	584	-613	680	-1116	1176	-2104
26.514012	411	-251	584	-612	680	-1116	1176	-2104
26.514012	411	-251	585	-613	680	-1116	1176	-2104
26.591803	412	-251	585	-612	680	-1116	1176	-2104
26.612751	411	-251	585	-613	680	-1116	1176	-2104
26.637681	410	-252	584	-613	680	-1116	1176	-2103
26.691538	411	-251	583	-613	680	-1116	1177	-2104
26.723453	411	-252	584	-614	680	-1116	1176	-2104
26.764343	410	-253	584	-614	679	-1116	1176	-2104
26.919928	412	-251	584	-613	680	-1116	1176	-2104
26.973785	411	-250	584	-613	680	-1116	1176	-2104
26.973785	411	-251	584	-612	680	-1116	1176	-2104
26.974782	411	-250	585	-613	680	-1116	1176	-2104
26.974782	411	-251	586	-614	680	-1116	1176	-2104
27.029635	411	-252	585	-613	680	-1116	1176	-2104
27.060552	412	-251	585	-613	679	-1116	1176	-2104
27.085486	410	-249	585	-613	680	-1116	1176	-2104
27.146323	411	-249	585	-614	680	-1116	1176	-2104
27.18921	411	-252	584	-614	680	-1116	1176	-2104
27.253042	411	-252	584	-614	680	-1116	1176	-2104
27.322853	411	-251	584	-613	680	-1116	1176	-2104
27.324847	411	-252	584	-613	680	-1116	1176	-2104
27.362746	411	-251	585	-613	680	-1116	1176	-2104
27.402639	412	-251	584	-614	680	-1116	1176	-2104
27.42458	411	-251	585	-614	680	-1116	1176	-2104
27.489408	412	-252	584	-614	680	-1116	1176	-2104
27.519327	411	-252	583	-613	680	-1116	1176	-2104
27.621057	411	-252	585	-613	680	-1116	1177	-2104
27.626043	410	-252	585	-613	680	-1116	1176	-2104
27.635019	411	-252	585	-615	679	-1116	1176	-2104
27.671921	412	-251	585	-614	680	-1116	1176	-2104
27.786614	412	-250	585	-615	680	-1116	1176	-2104
27.816534	411	-251	585	-614	680	-1116	1176	-2104
27.841468	411	-250	585	-614	680	-1116	1176	-2104
27.842466	412	-251	585	-614	680	-1116	1176	-2104
27.881361	412	-251	584	-614	679	-1116	1176	-2104
27.937213	412	-249	583	-614	679	-1116	1176	-2104
27.955164	412	-251	584	-613	680	-1116	1176	-2104
28.000045	412	-252	584	-613	679	-1116	1176	-2104
28.070856	412	-251	584	-613	680	-1116	1177	-2104
28.147651	411	-251	584	-614	680	-1116	1176	-2104
28.148648	412	-251	585	-614	680	-1116	1176	-2104
28.220456	412	-252	585	-615	679	-1116	1176	-2104
28.221454	411	-253	584	-615	680	-1116	1176	-2104
28.237411	412	-251	585	-614	680	-1116	1177	-2104
28.326174	412	-252	585	-613	680	-1116	1176	-2104
28.355099	411	-251	584	-613	679	-1116	1176	-2104
28.371054	413	-252	585	-613	680	-1116	1176	-2104
28.446853	412	-249	584	-614	680	-1116	1176	-2104
28.446853	411	-250	585	-614	680	-1116	1176	-2104
28.511679	411	-251	584	-613	680	-1116	1177	-2104
28.523647	411	-250	584	-614	679	-1116	1176	-2104
28.575508	411	-252	584	-614	680	-1116	1176	-2104
28.619392	412	-252	584	-613	680	-1116	1176	-2104
28.660283	412	-253	585	-614	680	-1116	1176	-2104
28.712144	411	-251	585	-613	680	-1116	1176	-2104
28.738075	411	-252	585	-614	680	-1116	1176	-2104
28.787943	411	-251	586	-614	679	-1116	1176	-2104
28.81487	412	-252	585	-614	680	-1116	1176	-2104
28.86374	412	-254	584	-614	680	-1116	1176	-2104
28.910615	412	-252	584	-614	680	-1116	1176	-2104
28.939537	413	-251	584	-614	680	-1116	1176	-2104
28.991399	413	-253	584	-614	680	-1117	1176	-2104
29.020322	411	-254	584	-614	679	-1116	1176	-2104
29.068194	413	-253	584	-613	680	-1116	1176	-2104
29.099111	411	-251	585	-613	680	-1116	1176	-2104
29.147981	411	-251	585	-614	680	-1116	1176	-2104
29.195853	412	-251	585	-614	679	-1116	1176	-2104
29.228765	411	-251	584	-613	680	-1116	1176	-2104
29.275639	412	-252	585	-613	680	-1116	1176	-2104
29.307555	411	-251	586	-615	680	-1116	1176	-2104
29.480095	411	-253	585	-614	679	-1116	1176	-2104
29.481092	411	-251	584	-613	679	-1116	1176	-2104
29.481092	411	-251	584	-613	679	-1116	1176	-2104
29.483087	411	-251	585	-614	680	-1116	1176	-2104
29.517994	412	-251	585	-613	679	-1116	1176	-2104
29.584815	412	-250	584	-612	679	-1116	1176	-2103
29.645652	412	-252	585	-613	680	-1116	1176	-2104
29.64665	412	-253	584	-613	680	-1116	1176	-2103
29.679565	412	-252	584	-612	680	-1116	1176	-2104
29.728432	411	-252	584	-612	680	-1116	1176	-2104
29.777302	412	-253	584	-614	680	-1116	1176	-2103
29.892993	412	-252	584	-613	680	-1116	1176	-2104
29.892993	412	-252	584	-613	680	-1116	1176	-2104
29.918924	413	-253	584	-613	680	-1116	1176	-2104
29.931893	412	-253	583	-613	680	-1116	1176	-2103
30.01766	412	-253	584	-614	679	-1116	1176	-2103
30.044589	411	-251	584	-614	680	-1116	1176	-2104
30.044589	411	-250	584	-613	680	-1116	1176	-2104
