Timestamp	R_0	C_0	R_1	C_1	R_2	C_2	R_3	C_3
0.0	2.09664e+04	4.64995e-11	4.54809e+04	7.37447e-11	9.29733e+04	1.12985e-10	1.82676e+05	1.25084e-10
0.047872	2.10116e+04	4.65835e-11	4.54809e+04	7.37447e-11	9.29733e+04	1.12985e-10	1.82676e+05	1.25084e-10
0.097738	2.09664e+04	4.64995e-11	4.54887e+04	7.39850e-11	9.29105e+04	1.12895e-10	1.82676e+05	1.25084e-10
0.128656	2.09664e+04	4.64995e-11	4.54809e+04	7.37447e-11	9.29105e+04	1.12895e-10	1.82676e+05	1.25084e-10
0.174536	2.08981e+04	4.65792e-11	4.54847e+04	7.38647e-11	9.29105e+04	1.12895e-10	1.82676e+05	1.25084e-10
0.208443	2.09432e+04	4.66640e-11	4.54847e+04	7.38647e-11	9.29105e+04	1.12895e-10	1.82676e+05	1.25084e-10
0.256315	2.08981e+04	4.65792e-11	4.54847e+04	7.38647e-11	9.29105e+04	1.12895e-10	1.82676e+05	1.25084e-10
0.289228	2.08981e+04	4.65792e-11	4.54847e+04	7.38647e-11	9.29105e+04	1.12895e-10	1.82676e+05	1.25084e-10
0.336103	2.09213e+04	4.64147e-11	4.54108e+04	7.39911e-11	9.29105e+04	1.12895e-10	1.82676e+05	1.25084e-10
0.383975	2.09432e+04	4.66640e-11	4.54847e+04	7.38647e-11	9.29105e+04	1.12895e-10	1.82676e+05	1.25084e-10
0.414893	2.09213e+04	4.64147e-11	4.54108e+04	7.39911e-11	9.29105e+04	1.12895e-10	1.82676e+05	1.25084e-10
0.463763	2.08748e+04	4.67445e-11	4.54033e+04	7.37504e-11	9.29105e+04	1.12895e-10	1.82676e+05	1.25084e-10
0.495677	2.08748e+04	4.67445e-11	4.54033e+04	7.37504e-11	9.29105e+04	1.12895e-10	1.82676e+05	1.25084e-10
0.54355	2.08765e+04	4.63292e-11	4.54070e+04	7.38706e-11	9.29105e+04	1.12895e-10	1.82676e+05	1.25084e-10
0.576462	2.09447e+04	4.62509e-11	4.54070e+04	7.38706e-11	9.30320e+04	1.12849e-10	1.82676e+05	1.25084e-10
0.625331	2.09432e+04	4.66640e-11	4.54847e+04	7.38647e-11	9.29105e+04	1.12895e-10	1.82676e+05	1.25084e-10
0.671209	2.09201e+04	4.68292e-11	4.54887e+04	7.39850e-11	9.29105e+04	1.12895e-10	1.82676e+05	1.25084e-10
0.705119	2.09432e+04	4.66640e-11	4.54847e+04	7.38647e-11	9.29105e+04	1.12895e-10	1.82676e+05	1.25084e-10
0.751994	2.09213e+04	4.64147e-11	4.54070e+04	7.38706e-11	9.29105e+04	1.12895e-10	1.82676e+05	1.25084e-10
0.783909	2.08765e+04	4.63292e-11	4.54033e+04	7.37504e-11	9.29105e+04	1.12895e-10	1.82676e+05	1.25084e-10
0.830785	2.08981e+04	4.65792e-11	4.54847e+04	7.38647e-11	9.29105e+04	1.12895e-10	1.82676e+05	1.25084e-10
0.864694	2.08981e+04	4.65792e-11	4.54847e+04	7.38647e-11	9.29105e+04	1.12895e-10	1.82676e+05	1.25084e-10
0.911568	2.09664e+04	4.64995e-11	4.54847e+04	7.38647e-11	9.29105e+04	1.12895e-10	1.82676e+05	1.25084e-10
0.959441	2.09447e+04	4.62509e-11	4.54847e+04	7.38647e-11	9.29105e+04	1.12895e-10	1.82676e+05	1.25084e-10
0.991356	2.08531e+04	4.64937e-11	4.54070e+04	7.38706e-11	9.29105e+04	1.12895e-10	1.82676e+05	1.25084e-10
1.039229	2.08748e+04	4.67445e-11	4.55626e+04	7.38586e-11	9.29105e+04	1.12895e-10	1.82676e+05	1.25084e-10
1.071143	2.09655e+04	4.69131e-11	4.55626e+04	7.38586e-11	9.29105e+04	1.12895e-10	1.82676e+05	1.25084e-10
1.696477	2.08981e+04	4.65792e-11	4.54847e+04	7.38647e-11	9.29105e+04	1.12895e-10	1.82676e+05	1.25084e-10
1.696477	2.08981e+04	4.65792e-11	4.54070e+04	7.38706e-11	9.29105e+04	1.12895e-10	1.82676e+05	1.25084e-10
1.696477	2.09432e+04	4.66640e-11	4.54847e+04	7.38647e-11	9.29105e+04	1.12895e-10	1.82676e+05	1.25084e-10
1.696477	2.09664e+04	4.64995e-11	4.54847e+04	7.38647e-11	9.29105e+04	1.12895e-10	1.82758e+05	1.25135e-10
1.696477	2.09886e+04	4.67479e-11	4.54033e+04	7.37504e-11	9.29105e+04	1.12895e-10	1.82676e+05	1.25084e-10
1.696477	2.08981e+04	4.65792e-11	4.54809e+04	7.37447e-11	9.29105e+04	1.12895e-10	1.82676e+05	1.25084e-10
1.696477	2.09432e+04	4.66640e-11	4.54847e+04	7.38647e-11	9.29105e+04	1.12895e-10	1.82676e+05	1.25084e-10
1.696477	2.09432e+04	4.66640e-11	4.54847e+04	7.38647e-11	9.30320e+04	1.12849e-10	1.82676e+05	1.25084e-10
1.696477	2.09432e+04	4.66640e-11	4.54847e+04	7.38647e-11	9.29733e+04	1.12985e-10	1.82676e+05	1.25084e-10
1.696477	2.08748e+04	4.67445e-11	4.54809e+04	7.37447e-11	9.29105e+04	1.12895e-10	1.82676e+05	1.25084e-10
1.696477	2.09213e+04	4.64147e-11	4.55626e+04	7.38586e-11	9.29105e+04	1.12895e-10	1.82676e+05	1.25084e-10
1.696477	2.08748e+04	4.67445e-11	4.54809e+04	7.37447e-11	9.29105e+04	1.12895e-10	1.82676e+05	1.25084e-10
1.696477	2.09432e+04	4.66640e-11	4.54847e+04	7.38647e-11	9.29105e+04	1.12895e-10	1.82676e+05	1.25084e-10
1.696477	2.09432e+04	4.66640e-11	4.54809e+04	7.37447e-11	9.29105e+04	1.12895e-10	1.82676e+05	1.25084e-10
1.696477	2.08297e+04	4.66591e-11	4.54887e+04	7.39850e-11	9.29105e+04	1.12895e-10	1.82676e+05	1.25084e-10
1.727393	2.09213e+04	4.64147e-11	4.54847e+04	7.38647e-11	9.29105e+04	1.12895e-10	1.82758e+05	1.25135e-10
1.775265	2.08765e+04	4.63292e-11	4.54847e+04	7.38647e-11	9.29105e+04	1.12895e-10	1.82676e+05	1.25084e-10
1.823138	2.08981e+04	4.65792e-11	4.54070e+04	7.38706e-11	9.29105e+04	1.12895e-10	1.82676e+05	1.25084e-10
1.861037	2.08981e+04	4.65792e-11	4.54847e+04	7.38647e-11	9.29733e+04	1.12985e-10	1.82809e+05	1.25053e-10
1.902925	2.08765e+04	4.63292e-11	4.54847e+04	7.38647e-11	9.29105e+04	1.12895e-10	1.82758e+05	1.25135e-10
1.93484	2.08531e+04	4.64937e-11	4.54847e+04	7.38647e-11	9.29105e+04	1.12895e-10	1.82676e+05	1.25084e-10
1.988696	2.08765e+04	4.63292e-11	4.54847e+04	7.38647e-11	9.29105e+04	1.12895e-10	1.82676e+05	1.25084e-10
2.030585	2.08531e+04	4.64937e-11	4.54847e+04	7.38647e-11	9.29105e+04	1.12895e-10	1.82676e+05	1.25084e-10
2.070479	2.09432e+04	4.66640e-11	4.54847e+04	7.38647e-11	9.29105e+04	1.12895e-10	1.82758e+05	1.25135e-10
2.121343	2.09201e+04	4.68292e-11	4.54809e+04	7.37447e-11	9.29105e+04	1.12895e-10	1.82676e+05	1.25084e-10
2.155252	2.09432e+04	4.66640e-11	4.54809e+04	7.37447e-11	9.29105e+04	1.12895e-10	1.82676e+05	1.25084e-10
2.199138	2.10116e+04	4.65835e-11	4.54847e+04	7.38647e-11	9.29105e+04	1.12895e-10	1.82676e+05	1.25084e-10
2.238031	2.09655e+04	4.69131e-11	4.54809e+04	7.37447e-11	9.29105e+04	1.12895e-10	1.82676e+05	1.25084e-10
2.320812	2.09884e+04	4.71621e-11	4.54070e+04	7.38706e-11	9.29105e+04	1.12895e-10	1.82676e+05	1.25084e-10
2.320812	2.09426e+04	4.70790e-11	4.54847e+04	7.38647e-11	9.29105e+04	1.12895e-10	1.82758e+05	1.25135e-10
2.361703	2.08065e+04	4.68252e-11	4.54809e+04	7.37447e-11	9.29105e+04	1.12895e-10	1.82676e+05	1.25084e-10
2.391622	2.09432e+04	4.66640e-11	4.54070e+04	7.38706e-11	9.29105e+04	1.12895e-10	1.82676e+05	1.25084e-10
2.431547	2.09886e+04	4.67479e-11	4.54070e+04	7.38706e-11	9.29105e+04	1.12895e-10	1.82676e+05	1.25084e-10
2.511307	2.09886e+04	4.67479e-11	4.54809e+04	7.37447e-11	9.29105e+04	1.12895e-10	1.82758e+05	1.25135e-10
2.512301	2.09201e+04	4.68292e-11	4.55626e+04	7.38586e-11	9.29733e+04	1.12985e-10	1.82676e+05	1.25084e-10
2.566157	2.08531e+04	4.64937e-11	4.54847e+04	7.38647e-11	9.29105e+04	1.12895e-10	1.82676e+05	1.25084e-10
2.612035	2.08981e+04	4.65792e-11	4.54809e+04	7.37447e-11	9.29105e+04	1.12895e-10	1.82676e+05	1.25084e-10
2.657915	2.10341e+04	4.68311e-11	4.54887e+04	7.39850e-11	9.29105e+04	1.12895e-10	1.82758e+05	1.25135e-10
2.684842	2.10116e+04	4.65835e-11	4.54070e+04	7.38706e-11	9.29733e+04	1.12985e-10	1.82676e+05	1.25084e-10
2.739698	2.08981e+04	4.65792e-11	4.54033e+04	7.37504e-11	9.29105e+04	1.12895e-10	1.82676e+05	1.25084e-10
2.785573	2.08531e+04	4.64937e-11	4.54033e+04	7.37504e-11	9.29105e+04	1.12895e-10	1.82676e+05	1.25084e-10
2.802527	2.09432e+04	4.66640e-11	4.54070e+04	7.38706e-11	9.29105e+04	1.12895e-10	1.82676e+05	1.25084e-10
2.848405	2.08981e+04	4.65792e-11	4.54887e+04	7.39850e-11	9.29105e+04	1.12895e-10	1.82676e+05	1.25084e-10
2.879322	2.08531e+04	4.64937e-11	4.54847e+04	7.38647e-11	9.29105e+04	1.12895e-10	1.82676e+05	1.25084e-10
2.941157	2.08517e+04	4.69106e-11	4.54809e+04	7.37447e-11	9.29105e+04	1.12895e-10	1.82676e+05	1.25084e-10
2.964096	2.09432e+04	4.66640e-11	4.54847e+04	7.38647e-11	9.29105e+04	1.12895e-10	1.82676e+05	1.25084e-10
3.01496	2.09886e+04	4.67479e-11	4.54108e+04	7.39911e-11	9.29105e+04	1.12895e-10	1.82676e+05	1.25084e-10
3.063829	2.09432e+04	4.66640e-11	4.54928e+04	7.41054e-11	9.29105e+04	1.12895e-10	1.82676e+05	1.25084e-10
3.092753	2.08981e+04	4.65792e-11	4.54108e+04	7.39911e-11	9.29105e+04	1.12895e-10	1.82676e+05	1.25084e-10
3.140625	2.08981e+04	4.65792e-11	4.54033e+04	7.37504e-11	9.29105e+04	1.12895e-10	1.82676e+05	1.25084e-10
3.180518	2.08748e+04	4.67445e-11	4.54070e+04	7.38706e-11	9.29105e+04	1.12895e-10	1.82758e+05	1.25135e-10
3.24036	2.08981e+04	4.65792e-11	4.55626e+04	7.38586e-11	9.29105e+04	1.12895e-10	1.82676e+05	1.25084e-10
3.254322	2.08981e+04	4.65792e-11	4.55626e+04	7.38586e-11	9.29105e+04	1.12895e-10	1.82676e+05	1.25084e-10
3.31117	2.09201e+04	4.68292e-11	4.54847e+04	7.38647e-11	9.29105e+04	1.12895e-10	1.82676e+05	1.25084e-10
3.368019	2.10116e+04	4.65835e-11	4.54847e+04	7.38647e-11	9.29105e+04	1.12895e-10	1.82676e+05	1.25084e-10
3.389961	2.09432e+04	4.66640e-11	4.54847e+04	7.38647e-11	9.29105e+04	1.12895e-10	1.82676e+05	1.25084e-10
3.429854	2.08297e+04	4.66591e-11	4.54847e+04	7.38647e-11	9.29105e+04	1.12895e-10	1.82758e+05	1.25135e-10
3.492689	2.08981e+04	4.65792e-11	4.54108e+04	7.39911e-11	9.29105e+04	1.12895e-10	1.82676e+05	1.25084e-10
3.509641	2.08748e+04	4.67445e-11	4.54108e+04	7.39911e-11	9.29105e+04	1.12895e-10	1.82676e+05	1.25084e-10
3.549535	2.08748e+04	4.67445e-11	4.54887e+04	7.39850e-11	9.29105e+04	1.12895e-10	1.82758e+05	1.25135e-10
3.594415	2.09886e+04	4.67479e-11	4.54928e+04	7.41054e-11	9.29105e+04	1.12895e-10	1.82676e+05	1.25084e-10
3.638299	2.09655e+04	4.69131e-11	4.54887e+04	7.39850e-11	9.30320e+04	1.12849e-10	1.82676e+05	1.25084e-10
3.672208	2.09201e+04	4.68292e-11	4.54887e+04	7.39850e-11	9.29105e+04	1.12895e-10	1.82758e+05	1.25135e-10
3.727061	2.08748e+04	4.67445e-11	4.54847e+04	7.38647e-11	9.29105e+04	1.12895e-10	1.82676e+05	1.25084e-10
3.758975	2.09886e+04	4.67479e-11	4.54847e+04	7.38647e-11	9.29105e+04	1.12895e-10	1.82758e+05	1.25135e-10
3.79488	2.09432e+04	4.66640e-11	4.54887e+04	7.39850e-11	9.29105e+04	1.12895e-10	1.82676e+05	1.25084e-10
3.860705	2.09664e+04	4.64995e-11	4.54887e+04	7.39850e-11	9.29105e+04	1.12895e-10	1.82676e+05	1.25084e-10
3.895613	2.09664e+04	4.64995e-11	4.54847e+04	7.38647e-11	9.29105e+04	1.12895e-10	1.82676e+05	1.25084e-10
3.92653	2.09664e+04	4.64995e-11	4.55626e+04	7.38586e-11	9.29105e+04	1.12895e-10	1.82676e+05	1.25084e-10
3.961437	2.09432e+04	4.66640e-11	4.55626e+04	7.38586e-11	9.29105e+04	1.12895e-10	1.82676e+05	1.25084e-10
4.027263	2.09432e+04	4.66640e-11	4.54070e+04	7.38706e-11	9.29105e+04	1.12895e-10	1.82758e+05	1.25135e-10
4.03125	2.09664e+04	4.64995e-11	4.54070e+04	7.38706e-11	9.29105e+04	1.12895e-10	1.82676e+05	1.25084e-10
4.08012	2.09213e+04	4.64147e-11	4.54070e+04	7.38706e-11	9.29105e+04	1.12895e-10	1.82676e+05	1.25084e-10
4.111038	2.09432e+04	4.66640e-11	4.54887e+04	7.39850e-11	9.29105e+04	1.12895e-10	1.82676e+05	1.25084e-10
4.161902	2.09432e+04	4.66640e-11	4.55626e+04	7.38586e-11	9.29105e+04	1.12895e-10	1.82676e+05	1.25084e-10
4.270614	2.09655e+04	4.69131e-11	4.54809e+04	7.37447e-11	9.29105e+04	1.12895e-10	1.82758e+05	1.25135e-10
4.299535	2.08748e+04	4.67445e-11	4.54809e+04	7.37447e-11	9.29105e+04	1.12895e-10	1.82676e+05	1.25084e-10
4.308511	2.09886e+04	4.67479e-11	4.55626e+04	7.38586e-11	9.29105e+04	1.12895e-10	1.82676e+05	1.25084e-10
4.328458	2.09886e+04	4.67479e-11	4.54847e+04	7.38647e-11	9.29105e+04	1.12895e-10	1.82676e+05	1.25084e-10
4.373339	2.09432e+04	4.66640e-11	4.54809e+04	7.37447e-11	9.29105e+04	1.12895e-10	1.82758e+05	1.25135e-10
4.482054	2.08297e+04	4.66591e-11	4.54847e+04	7.38647e-11	9.29105e+04	1.12895e-10	1.82676e+05	1.25084e-10
4.482054	2.08748e+04	4.67445e-11	4.54847e+04	7.38647e-11	9.29105e+04	1.12895e-10	1.82676e+05	1.25084e-10
4.498006	2.09664e+04	4.64995e-11	4.54887e+04	7.39850e-11	9.29105e+04	1.12895e-10	1.82676e+05	1.25084e-10
4.530918	2.09432e+04	4.66640e-11	4.54847e+04	7.38647e-11	9.29105e+04	1.12895e-10	1.82676e+05	1.25084e-10
4.636636	2.09201e+04	4.68292e-11	4.54847e+04	7.38647e-11	9.29105e+04	1.12895e-10	1.82676e+05	1.25084e-10
4.68052	2.09886e+04	4.67479e-11	4.55667e+04	7.39786e-11	9.30320e+04	1.12849e-10	1.82676e+05	1.25084e-10
4.686503	2.08981e+04	4.65792e-11	4.54887e+04	7.39850e-11	9.29105e+04	1.12895e-10	1.82676e+05	1.25084e-10
4.693485	2.08981e+04	4.65792e-11	4.54809e+04	7.37447e-11	9.29105e+04	1.12895e-10	1.82758e+05	1.25135e-10
4.75133	2.09886e+04	4.67479e-11	4.54070e+04	7.38706e-11	9.29105e+04	1.12895e-10	1.82758e+05	1.25135e-10
4.839096	2.09664e+04	4.64995e-11	4.54847e+04	7.38647e-11	9.29105e+04	1.12895e-10	1.82676e+05	1.25084e-10
4.859044	2.09213e+04	4.64147e-11	4.54847e+04	7.38647e-11	9.29105e+04	1.12895e-10	1.82676e+05	1.25084e-10
4.892952	2.09432e+04	4.66640e-11	4.54847e+04	7.38647e-11	9.29105e+04	1.12895e-10	1.82676e+05	1.25084e-10
4.903924	2.09886e+04	4.67479e-11	4.54847e+04	7.38647e-11	9.29105e+04	1.12895e-10	1.82676e+05	1.25084e-10
4.952793	2.10116e+04	4.65835e-11	4.54847e+04	7.38647e-11	9.29105e+04	1.12895e-10	1.82676e+05	1.25084e-10
5.038565	2.09664e+04	4.64995e-11	4.55626e+04	7.38586e-11	9.30320e+04	1.12849e-10	1.82676e+05	1.25084e-10
5.079455	2.08981e+04	4.65792e-11	4.55626e+04	7.38586e-11	9.29105e+04	1.12895e-10	1.82676e+05	1.25084e-10
5.088432	2.09664e+04	4.64995e-11	4.54887e+04	7.39850e-11	9.29105e+04	1.12895e-10	1.82676e+05	1.25084e-10
5.104389	2.09432e+04	4.66640e-11	4.54847e+04	7.38647e-11	9.29105e+04	1.12895e-10	1.82676e+05	1.25084e-10
5.167221	2.09432e+04	4.66640e-11	4.54887e+04	7.39850e-11	9.29105e+04	1.12895e-10	1.82758e+05	1.25135e-10
5.223072	2.08748e+04	4.67445e-11	4.54108e+04	7.39911e-11	9.29105e+04	1.12895e-10	1.82676e+05	1.25084e-10
5.249004	2.09201e+04	4.68292e-11	4.54847e+04	7.38647e-11	9.29105e+04	1.12895e-10	1.82676e+05	1.25084e-10
5.294882	2.09432e+04	4.66640e-11	4.54847e+04	7.38647e-11	9.29105e+04	1.12895e-10	1.82676e+05	1.25084e-10
5.314828	2.09213e+04	4.64147e-11	4.55626e+04	7.38586e-11	9.29105e+04	1.12895e-10	1.82676e+05	1.25084e-10
5.364695	2.08999e+04	4.61654e-11	4.55626e+04	7.38586e-11	9.29105e+04	1.12895e-10	1.82676e+05	1.25084e-10
5.455453	2.08765e+04	4.63292e-11	4.54847e+04	7.38647e-11	9.29105e+04	1.12895e-10	1.82676e+05	1.25084e-10
5.474402	2.08981e+04	4.65792e-11	4.54847e+04	7.38647e-11	9.29733e+04	1.12985e-10	1.82676e+05	1.25084e-10
5.518286	2.09432e+04	4.66640e-11	4.54847e+04	7.38647e-11	9.29105e+04	1.12895e-10	1.82676e+05	1.25084e-10
5.52427	2.08981e+04	4.65792e-11	4.54847e+04	7.38647e-11	9.29105e+04	1.12895e-10	1.82676e+05	1.25084e-10
5.557182	2.09201e+04	4.68292e-11	4.54847e+04	7.38647e-11	9.29105e+04	1.12895e-10	1.82809e+05	1.25053e-10
5.679855	2.08748e+04	4.67445e-11	4.54847e+04	7.38647e-11	9.29105e+04	1.12895e-10	1.82758e+05	1.25135e-10
5.725732	2.08981e+04	4.65792e-11	4.54847e+04	7.38647e-11	9.29105e+04	1.12895e-10	1.82676e+05	1.25084e-10
5.725732	2.09432e+04	4.66640e-11	4.54033e+04	7.37504e-11	9.29105e+04	1.12895e-10	1.82676e+05	1.25084e-10
5.733712	2.09886e+04	4.67479e-11	4.54070e+04	7.38706e-11	9.30320e+04	1.12849e-10	1.82676e+05	1.25084e-10
5.77161	2.09201e+04	4.68292e-11	4.54070e+04	7.38706e-11	9.29105e+04	1.12895e-10	1.82676e+05	1.25084e-10
5.811504	2.08981e+04	4.65792e-11	4.54847e+04	7.38647e-11	9.29105e+04	1.12895e-10	1.82676e+05	1.25084e-10
5.838432	2.09886e+04	4.67479e-11	4.54887e+04	7.39850e-11	9.29105e+04	1.12895e-10	1.82809e+05	1.25053e-10
5.887301	2.09432e+04	4.66640e-11	4.54887e+04	7.39850e-11	9.30320e+04	1.12849e-10	1.82676e+05	1.25084e-10
5.935174	2.09432e+04	4.66640e-11	4.54070e+04	7.38706e-11	9.29105e+04	1.12895e-10	1.82676e+05	1.25084e-10
5.977062	2.08748e+04	4.67445e-11	4.54847e+04	7.38647e-11	9.29105e+04	1.12895e-10	1.82676e+05	1.25084e-10
6.026929	2.08748e+04	4.67445e-11	4.54847e+04	7.38647e-11	9.29105e+04	1.12895e-10	1.82676e+05	1.25084e-10
6.047874	2.08970e+04	4.69952e-11	4.55586e+04	7.37388e-11	9.29105e+04	1.12895e-10	1.82676e+05	1.25084e-10
6.094748	2.09201e+04	4.68292e-11	4.55626e+04	7.38586e-11	9.29105e+04	1.12895e-10	1.82676e+05	1.25084e-10
6.126663	2.09201e+04	4.68292e-11	4.54809e+04	7.37447e-11	9.29105e+04	1.12895e-10	1.82676e+05	1.25084e-10
6.175533	2.09201e+04	4.68292e-11	4.54033e+04	7.37504e-11	9.29105e+04	1.12895e-10	1.82676e+05	1.25084e-10
6.223406	2.09655e+04	4.69131e-11	4.54847e+04	7.38647e-11	9.29105e+04	1.12895e-10	1.82676e+05	1.25084e-10
6.255323	2.09886e+04	4.67479e-11	4.54070e+04	7.38706e-11	9.29105e+04	1.12895e-10	1.82676e+05	1.25084e-10
6.303192	2.09886e+04	4.67479e-11	4.54809e+04	7.37447e-11	9.29105e+04	1.12895e-10	1.82676e+05	1.25084e-10
6.347075	2.09201e+04	4.68292e-11	4.55626e+04	7.38586e-11	9.29105e+04	1.12895e-10	1.82676e+05	1.25084e-10
6.382979	2.08981e+04	4.65792e-11	4.54809e+04	7.37447e-11	9.29105e+04	1.12895e-10	1.82676e+05	1.25084e-10
6.414894	2.08531e+04	4.64937e-11	4.54070e+04	7.38706e-11	9.29105e+04	1.12895e-10	1.82676e+05	1.25084e-10
6.462766	2.08981e+04	4.65792e-11	4.54887e+04	7.39850e-11	9.29105e+04	1.12895e-10	1.82676e+05	1.25084e-10
6.510639	2.08981e+04	4.65792e-11	4.54847e+04	7.38647e-11	9.29105e+04	1.12895e-10	1.82758e+05	1.25135e-10
6.544549	2.08981e+04	4.65792e-11	4.54847e+04	7.38647e-11	9.29105e+04	1.12895e-10	1.82676e+05	1.25084e-10
6.595413	2.08531e+04	4.64937e-11	4.54847e+04	7.38647e-11	9.29105e+04	1.12895e-10	1.82676e+05	1.25084e-10
6.62633	2.09201e+04	4.68292e-11	4.54847e+04	7.38647e-11	9.29105e+04	1.12895e-10	1.82676e+05	1.25084e-10
6.748006	2.10116e+04	4.65835e-11	4.54847e+04	7.38647e-11	9.29105e+04	1.12895e-10	1.82676e+05	1.25084e-10
6.748006	2.08981e+04	4.65792e-11	4.54847e+04	7.38647e-11	9.29105e+04	1.12895e-10	1.82676e+05	1.25084e-10
6.775933	2.09201e+04	4.68292e-11	4.54809e+04	7.37447e-11	9.29105e+04	1.12895e-10	1.82676e+05	1.25084e-10
6.818818	2.09201e+04	4.68292e-11	4.55626e+04	7.38586e-11	9.30320e+04	1.12849e-10	1.82676e+05	1.25084e-10
6.833778	2.09432e+04	4.66640e-11	4.54847e+04	7.38647e-11	9.29105e+04	1.12895e-10	1.82758e+05	1.25135e-10
6.966424	2.09886e+04	4.67479e-11	4.54847e+04	7.38647e-11	9.29105e+04	1.12895e-10	1.82676e+05	1.25084e-10
6.966424	2.09664e+04	4.64995e-11	4.54033e+04	7.37504e-11	9.29105e+04	1.12895e-10	1.82676e+05	1.25084e-10
7.023273	2.09213e+04	4.64147e-11	4.54033e+04	7.37504e-11	9.29105e+04	1.12895e-10	1.82676e+05	1.25084e-10
7.035241	2.09213e+04	4.64147e-11	4.54847e+04	7.38647e-11	9.29105e+04	1.12895e-10	1.82676e+05	1.25084e-10
7.047209	2.09432e+04	4.66640e-11	4.54108e+04	7.39911e-11	9.30320e+04	1.12849e-10	1.82758e+05	1.25135e-10
7.078126	2.09201e+04	4.68292e-11	4.54847e+04	7.38647e-11	9.29105e+04	1.12895e-10	1.82758e+05	1.25135e-10
7.194815	2.08981e+04	4.65792e-11	4.55667e+04	7.39786e-11	9.29105e+04	1.12895e-10	1.82676e+05	1.25084e-10
7.195813	2.09655e+04	4.69131e-11	4.54847e+04	7.38647e-11	9.29105e+04	1.12895e-10	1.82676e+05	1.25084e-10
7.204788	2.09655e+04	4.69131e-11	4.54847e+04	7.38647e-11	9.29105e+04	1.12895e-10	1.82676e+05	1.25084e-10
7.259643	2.08981e+04	4.65792e-11	4.54847e+04	7.38647e-11	9.29105e+04	1.12895e-10	1.82676e+05	1.25084e-10
7.292555	2.08531e+04	4.64937e-11	4.55626e+04	7.38586e-11	9.29105e+04	1.12895e-10	1.82676e+05	1.25084e-10
7.331451	2.08981e+04	4.65792e-11	4.55586e+04	7.37388e-11	9.29105e+04	1.12895e-10	1.82758e+05	1.25135e-10
7.44016	2.09664e+04	4.64995e-11	4.54847e+04	7.38647e-11	9.29105e+04	1.12895e-10	1.82758e+05	1.25135e-10
7.466092	2.09432e+04	4.66640e-11	4.54847e+04	7.38647e-11	9.29105e+04	1.12895e-10	1.82676e+05	1.25084e-10
7.504988	2.09655e+04	4.69131e-11	4.54847e+04	7.38647e-11	9.29105e+04	1.12895e-10	1.82676e+05	1.25084e-10
7.524935	2.08981e+04	4.65792e-11	4.54847e+04	7.38647e-11	9.29105e+04	1.12895e-10	1.82676e+05	1.25084e-10
7.54189	2.09664e+04	4.64995e-11	4.54847e+04	7.38647e-11	9.29105e+04	1.12895e-10	1.82758e+05	1.25135e-10
7.57181	2.09432e+04	4.66640e-11	4.54070e+04	7.38706e-11	9.29105e+04	1.12895e-10	1.82676e+05	1.25084e-10
7.689497	2.09655e+04	4.69131e-11	4.54847e+04	7.38647e-11	9.29105e+04	1.12895e-10	1.82758e+05	1.25135e-10
7.689497	2.08981e+04	4.65792e-11	4.54887e+04	7.39850e-11	9.29105e+04	1.12895e-10	1.82676e+05	1.25084e-10
7.742356	2.08981e+04	4.65792e-11	4.54108e+04	7.39911e-11	9.29105e+04	1.12895e-10	1.82676e+05	1.25084e-10
7.772277	2.08748e+04	4.67445e-11	4.55667e+04	7.39786e-11	9.29105e+04	1.12895e-10	1.82676e+05	1.25084e-10
7.788235	2.08531e+04	4.64937e-11	4.54847e+04	7.38647e-11	9.29105e+04	1.12895e-10	1.82676e+05	1.25084e-10
7.82713	2.08065e+04	4.68252e-11	4.54847e+04	7.38647e-11	9.29105e+04	1.12895e-10	1.82676e+05	1.25084e-10
7.947808	2.09201e+04	4.68292e-11	4.54847e+04	7.38647e-11	9.29105e+04	1.12895e-10	1.82758e+05	1.25135e-10
7.947808	2.08765e+04	4.63292e-11	4.54772e+04	7.36248e-11	9.29105e+04	1.12895e-10	1.82676e+05	1.25084e-10
7.981717	2.09664e+04	4.64995e-11	4.54847e+04	7.38647e-11	9.29105e+04	1.12895e-10	1.82676e+05	1.25084e-10
8.015627	2.09432e+04	4.66640e-11	4.54809e+04	7.37447e-11	9.29105e+04	1.12895e-10	1.82676e+05	1.25084e-10
8.040559	2.08517e+04	4.69106e-11	4.54809e+04	7.37447e-11	9.29105e+04	1.12895e-10	1.82758e+05	1.25135e-10
8.069483	2.08065e+04	4.68252e-11	4.54847e+04	7.38647e-11	9.29733e+04	1.12985e-10	1.82676e+05	1.25084e-10
8.185175	2.08748e+04	4.67445e-11	4.54847e+04	7.38647e-11	9.29105e+04	1.12895e-10	1.82758e+05	1.25135e-10
8.185175	2.08531e+04	4.64937e-11	4.54847e+04	7.38647e-11	9.29105e+04	1.12895e-10	1.82676e+05	1.25084e-10
8.200135	2.08981e+04	4.65792e-11	4.54070e+04	7.38706e-11	9.29105e+04	1.12895e-10	1.82758e+05	1.25135e-10
8.264962	2.09664e+04	4.64995e-11	4.54070e+04	7.38706e-11	9.29105e+04	1.12895e-10	1.82758e+05	1.25135e-10
8.284908	2.09664e+04	4.64995e-11	4.54847e+04	7.38647e-11	9.29105e+04	1.12895e-10	1.82676e+05	1.25084e-10
8.323805	2.08981e+04	4.65792e-11	4.54070e+04	7.38706e-11	9.29105e+04	1.12895e-10	1.82676e+05	1.25084e-10
8.373672	2.09201e+04	4.68292e-11	4.54847e+04	7.38647e-11	9.29105e+04	1.12895e-10	1.82676e+05	1.25084e-10
8.473406	2.08748e+04	4.67445e-11	4.54847e+04	7.38647e-11	9.29105e+04	1.12895e-10	1.82676e+05	1.25084e-10
8.473406	2.07848e+04	4.65729e-11	4.54847e+04	7.38647e-11	9.29105e+04	1.12895e-10	1.82676e+05	1.25084e-10
8.520281	2.08981e+04	4.65792e-11	4.55667e+04	7.39786e-11	9.30320e+04	1.12849e-10	1.82758e+05	1.25135e-10
8.525268	2.09201e+04	4.68292e-11	4.54887e+04	7.39850e-11	9.30320e+04	1.12849e-10	1.82676e+05	1.25084e-10
8.559178	2.09432e+04	4.66640e-11	4.54847e+04	7.38647e-11	9.29105e+04	1.12895e-10	1.82676e+05	1.25084e-10
8.608051	2.09432e+04	4.66640e-11	4.54887e+04	7.39850e-11	9.29105e+04	1.12895e-10	1.82676e+05	1.25084e-10
8.647941	2.08981e+04	4.65792e-11	4.54847e+04	7.38647e-11	9.29733e+04	1.12985e-10	1.82758e+05	1.25135e-10
8.689829	2.08981e+04	4.65792e-11	4.54809e+04	7.37447e-11	9.29105e+04	1.12895e-10	1.82676e+05	1.25084e-10
8.73072	2.09213e+04	4.64147e-11	4.54847e+04	7.38647e-11	9.29105e+04	1.12895e-10	1.82758e+05	1.25135e-10
8.77161	2.09213e+04	4.64147e-11	4.54847e+04	7.38647e-11	9.29105e+04	1.12895e-10	1.82676e+05	1.25084e-10
8.798539	2.08981e+04	4.65792e-11	4.54847e+04	7.38647e-11	9.29105e+04	1.12895e-10	1.82758e+05	1.25135e-10
8.84641	2.09213e+04	4.64147e-11	4.54847e+04	7.38647e-11	9.29105e+04	1.12895e-10	1.82676e+05	1.25084e-10
8.895281	2.10116e+04	4.65835e-11	4.54887e+04	7.39850e-11	9.29105e+04	1.12895e-10	1.82758e+05	1.25135e-10
8.927196	2.09886e+04	4.67479e-11	4.54070e+04	7.38706e-11	9.29105e+04	1.12895e-10	1.82676e+05	1.25084e-10
8.975071	2.09886e+04	4.67479e-11	4.54847e+04	7.38647e-11	9.29105e+04	1.12895e-10	1.82758e+05	1.25135e-10
9.006983	2.09432e+04	4.66640e-11	4.54847e+04	7.38647e-11	9.29105e+04	1.12895e-10	1.82758e+05	1.25135e-10
9.054856	2.09886e+04	4.67479e-11	4.54847e+04	7.38647e-11	9.29105e+04	1.12895e-10	1.82676e+05	1.25084e-10
9.08677	2.09664e+04	4.64995e-11	4.54809e+04	7.37447e-11	9.29105e+04	1.12895e-10	1.82758e+05	1.25135e-10
9.134642	2.09886e+04	4.67479e-11	4.54070e+04	7.38706e-11	9.29105e+04	1.12895e-10	1.82676e+05	1.25084e-10
9.182517	2.10798e+04	4.69136e-11	4.54809e+04	7.37447e-11	9.29105e+04	1.12895e-10	1.82758e+05	1.25135e-10
9.215428	2.10116e+04	4.65835e-11	4.55626e+04	7.38586e-11	9.29733e+04	1.12985e-10	1.82676e+05	1.25084e-10
9.262302	2.09213e+04	4.64147e-11	4.54847e+04	7.38647e-11	9.29733e+04	1.12985e-10	1.82758e+05	1.25135e-10
9.295215	2.08531e+04	4.64937e-11	4.55586e+04	7.37388e-11	9.29105e+04	1.12895e-10	1.82758e+05	1.25135e-10
9.345082	2.08981e+04	4.65792e-11	4.55626e+04	7.38586e-11	9.30950e+04	1.12939e-10	1.82758e+05	1.25135e-10
9.381983	2.08531e+04	4.64937e-11	4.54847e+04	7.38647e-11	9.29105e+04	1.12895e-10	1.82676e+05	1.25084e-10
9.495681	2.08297e+04	4.66591e-11	4.54887e+04	7.39850e-11	9.29105e+04	1.12895e-10	1.82758e+05	1.25135e-10
9.522609	2.08748e+04	4.67445e-11	4.54887e+04	7.39850e-11	9.29105e+04	1.12895e-10	1.82758e+05	1.25135e-10
9.549536	2.09201e+04	4.68292e-11	4.54847e+04	7.38647e-11	9.29105e+04	1.12895e-10	1.82676e+05	1.25084e-10
9.606385	2.08748e+04	4.67445e-11	4.54847e+04	7.38647e-11	9.29105e+04	1.12895e-10	1.82676e+05	1.25084e-10
9.606385	2.09201e+04	4.68292e-11	4.54847e+04	7.38647e-11	9.29105e+04	1.12895e-10	1.82758e+05	1.25135e-10
9.635307	2.09432e+04	4.66640e-11	4.54847e+04	7.38647e-11	9.29105e+04	1.12895e-10	1.82676e+05	1.25084e-10
9.669217	2.08981e+04	4.65792e-11	4.54847e+04	7.38647e-11	9.29105e+04	1.12895e-10	1.82758e+05	1.25135e-10
9.785907	2.08748e+04	4.67445e-11	4.54847e+04	7.38647e-11	9.29733e+04	1.12985e-10	1.82758e+05	1.25135e-10
9.808845	2.09201e+04	4.68292e-11	4.54847e+04	7.38647e-11	9.29105e+04	1.12895e-10	1.82758e+05	1.25135e-10
9.847742	2.09201e+04	4.68292e-11	4.54847e+04	7.38647e-11	9.29105e+04	1.12895e-10	1.82758e+05	1.25135e-10
9.869683	2.09432e+04	4.66640e-11	4.54847e+04	7.38647e-11	9.29105e+04	1.12895e-10	1.82676e+05	1.25084e-10
9.884643	2.09432e+04	4.66640e-11	4.55667e+04	7.39786e-11	9.29105e+04	1.12895e-10	1.82758e+05	1.25135e-10
9.924537	2.09432e+04	4.66640e-11	4.54887e+04	7.39850e-11	9.29105e+04	1.12895e-10	1.82676e+05	1.25084e-10
10.03923	2.09201e+04	4.68292e-11	4.54847e+04	7.38647e-11	9.29105e+04	1.12895e-10	1.82758e+05	1.25135e-10
10.052196	2.09432e+04	4.66640e-11	4.54847e+04	7.38647e-11	9.29105e+04	1.12895e-10	1.82676e+05	1.25084e-10
10.052196	2.08748e+04	4.67445e-11	4.54847e+04	7.38647e-11	9.29733e+04	1.12985e-10	1.82676e+05	1.25084e-10
10.133978	2.08531e+04	4.64937e-11	4.54847e+04	7.38647e-11	9.29105e+04	1.12895e-10	1.82758e+05	1.25135e-10
10.141957	2.08531e+04	4.64937e-11	4.54847e+04	7.38647e-11	9.29105e+04	1.12895e-10	1.82758e+05	1.25135e-10
10.160906	2.09432e+04	4.66640e-11	4.54809e+04	7.37447e-11	9.29733e+04	1.12985e-10	1.82676e+05	1.25084e-10
10.215761	2.08531e+04	4.64937e-11	4.54809e+04	7.37447e-11	9.29105e+04	1.12895e-10	1.82676e+05	1.25084e-10
10.320481	2.08748e+04	4.67445e-11	4.54070e+04	7.38706e-11	9.29105e+04	1.12895e-10	1.82676e+05	1.25084e-10
10.33245	2.08981e+04	4.65792e-11	4.54847e+04	7.38647e-11	9.29105e+04	1.12895e-10	1.82758e+05	1.25135e-10
10.344417	2.08748e+04	4.67445e-11	4.54847e+04	7.38647e-11	9.29105e+04	1.12895e-10	1.82676e+05	1.25084e-10
10.369351	2.09432e+04	4.66640e-11	4.54847e+04	7.38647e-11	9.29105e+04	1.12895e-10	1.82758e+05	1.25135e-10
10.439165	2.08297e+04	4.66591e-11	4.55626e+04	7.38586e-11	9.29105e+04	1.12895e-10	1.82676e+05	1.25084e-10
10.449138	2.08517e+04	4.69106e-11	4.54847e+04	7.38647e-11	9.29105e+04	1.12895e-10	1.82676e+05	1.25084e-10
10.546877	2.09201e+04	4.68292e-11	4.54887e+04	7.39850e-11	9.29105e+04	1.12895e-10	1.82758e+05	1.25135e-10
10.590761	2.09886e+04	4.67479e-11	4.54847e+04	7.38647e-11	9.29105e+04	1.12895e-10	1.82676e+05	1.25084e-10
10.616691	2.09201e+04	4.68292e-11	4.54847e+04	7.38647e-11	9.29105e+04	1.12895e-10	1.82758e+05	1.25135e-10
10.686505	2.09201e+04	4.68292e-11	4.55626e+04	7.38586e-11	9.29105e+04	1.12895e-10	1.82676e+05	1.25084e-10
10.692489	2.08981e+04	4.65792e-11	4.55626e+04	7.38586e-11	9.29105e+04	1.12895e-10	1.82758e+05	1.25135e-10
10.710441	2.09213e+04	4.64147e-11	4.54847e+04	7.38647e-11	9.29105e+04	1.12895e-10	1.82676e+05	1.25084e-10
10.745349	2.09664e+04	4.64995e-11	4.55586e+04	7.37388e-11	9.29105e+04	1.12895e-10	1.82625e+05	1.25166e-10
10.884976	2.09432e+04	4.66640e-11	4.54809e+04	7.37447e-11	9.29105e+04	1.12895e-10	1.82676e+05	1.25084e-10
10.884976	2.08297e+04	4.66591e-11	4.54809e+04	7.37447e-11	9.29105e+04	1.12895e-10	1.82758e+05	1.25135e-10
10.901932	2.08297e+04	4.66591e-11	4.54809e+04	7.37447e-11	9.29105e+04	1.12895e-10	1.82758e+05	1.25135e-10
10.9508	2.09655e+04	4.69131e-11	4.54108e+04	7.39911e-11	9.29105e+04	1.12895e-10	1.82676e+05	1.25084e-10
10.957782	2.09886e+04	4.67479e-11	4.54033e+04	7.37504e-11	9.29105e+04	1.12895e-10	1.82758e+05	1.25135e-10
11.00366	2.10116e+04	4.65835e-11	4.54847e+04	7.38647e-11	9.29105e+04	1.12895e-10	1.82676e+05	1.25084e-10
11.093419	2.09664e+04	4.64995e-11	4.54070e+04	7.38706e-11	9.29105e+04	1.12895e-10	1.82625e+05	1.25166e-10
11.118354	2.09432e+04	4.66640e-11	4.54070e+04	7.38706e-11	9.29733e+04	1.12985e-10	1.82676e+05	1.25084e-10
11.125335	2.09655e+04	4.69131e-11	4.54108e+04	7.39911e-11	9.29105e+04	1.12895e-10	1.82758e+05	1.25135e-10
11.168221	2.09664e+04	4.64995e-11	4.54887e+04	7.39850e-11	9.29105e+04	1.12895e-10	1.82676e+05	1.25084e-10
11.20213	2.09432e+04	4.66640e-11	4.55626e+04	7.38586e-11	9.29105e+04	1.12895e-10	1.82758e+05	1.25135e-10
11.234045	2.09432e+04	4.66640e-11	4.54847e+04	7.38647e-11	9.29105e+04	1.12895e-10	1.82676e+05	1.25084e-10
11.366693	2.08748e+04	4.67445e-11	4.54070e+04	7.38706e-11	9.29105e+04	1.12895e-10	1.82676e+05	1.25084e-10
11.366693	2.09655e+04	4.69131e-11	4.54809e+04	7.37447e-11	9.29105e+04	1.12895e-10	1.82758e+05	1.25135e-10
11.382649	2.08531e+04	4.64937e-11	4.54070e+04	7.38706e-11	9.29105e+04	1.12895e-10	1.82758e+05	1.25135e-10
11.410574	2.08748e+04	4.67445e-11	4.54847e+04	7.38647e-11	9.30320e+04	1.12849e-10	1.82758e+05	1.25135e-10
11.441493	2.08748e+04	4.67445e-11	4.54070e+04	7.38706e-11	9.29105e+04	1.12895e-10	1.82676e+05	1.25084e-10
11.493355	2.08748e+04	4.67445e-11	4.54847e+04	7.38647e-11	9.29105e+04	1.12895e-10	1.82758e+05	1.25135e-10
11.524271	2.08981e+04	4.65792e-11	4.54847e+04	7.38647e-11	9.29105e+04	1.12895e-10	1.82676e+05	1.25084e-10
11.587103	2.09897e+04	4.63358e-11	4.54847e+04	7.38647e-11	9.29105e+04	1.12895e-10	1.82758e+05	1.25135e-10
11.604059	2.09664e+04	4.64995e-11	4.54809e+04	7.37447e-11	9.29105e+04	1.12895e-10	1.82758e+05	1.25135e-10
11.646944	2.08981e+04	4.65792e-11	4.54847e+04	7.38647e-11	9.29105e+04	1.12895e-10	1.82676e+05	1.25084e-10
11.695814	2.09432e+04	4.66640e-11	4.55626e+04	7.38586e-11	9.29105e+04	1.12895e-10	1.82676e+05	1.25084e-10
11.726732	2.08981e+04	4.65792e-11	4.55586e+04	7.37388e-11	9.29105e+04	1.12895e-10	1.82676e+05	1.25084e-10
11.758647	2.09432e+04	4.66640e-11	4.54847e+04	7.38647e-11	9.29733e+04	1.12985e-10	1.82758e+05	1.25135e-10
11.806519	2.09655e+04	4.69131e-11	4.54070e+04	7.38706e-11	9.29105e+04	1.12895e-10	1.82676e+05	1.25084e-10
11.855389	2.09432e+04	4.66640e-11	4.54809e+04	7.37447e-11	9.29105e+04	1.12895e-10	1.82758e+05	1.25135e-10
11.887303	2.08981e+04	4.65792e-11	4.55626e+04	7.38586e-11	9.29105e+04	1.12895e-10	1.82758e+05	1.25135e-10
11.935176	2.09213e+04	4.64147e-11	4.54847e+04	7.38647e-11	9.29105e+04	1.12895e-10	1.82758e+05	1.25135e-10
11.967091	2.09213e+04	4.64147e-11	4.53294e+04	7.38764e-11	9.29105e+04	1.12895e-10	1.82676e+05	1.25084e-10
12.01596	2.08765e+04	4.63292e-11	4.54070e+04	7.38706e-11	9.29105e+04	1.12895e-10	1.82758e+05	1.25135e-10
12.047876	2.08765e+04	4.63292e-11	4.54809e+04	7.37447e-11	9.29105e+04	1.12895e-10	1.82676e+05	1.25084e-10
12.09475	2.09213e+04	4.64147e-11	4.55626e+04	7.38586e-11	9.29105e+04	1.12895e-10	1.82676e+05	1.25084e-10
12.151598	2.09432e+04	4.66640e-11	4.54887e+04	7.39850e-11	9.29733e+04	1.12985e-10	1.82758e+05	1.25135e-10
12.175535	2.10116e+04	4.65835e-11	4.55626e+04	7.38586e-11	9.29105e+04	1.12895e-10	1.82676e+05	1.25084e-10
12.222409	2.10570e+04	4.66668e-11	4.54847e+04	7.38647e-11	9.29105e+04	1.12895e-10	1.82676e+05	1.25084e-10
12.255322	2.09655e+04	4.69131e-11	4.54847e+04	7.38647e-11	9.29105e+04	1.12895e-10	1.82758e+05	1.25135e-10
12.311176	2.08517e+04	4.69106e-11	4.54847e+04	7.38647e-11	9.29105e+04	1.12895e-10	1.82758e+05	1.25135e-10
12.341094	2.09655e+04	4.69131e-11	4.54033e+04	7.37504e-11	9.29105e+04	1.12895e-10	1.82758e+05	1.25135e-10
12.395951	2.08981e+04	4.65792e-11	4.54070e+04	7.38706e-11	9.29105e+04	1.12895e-10	1.82676e+05	1.25084e-10
12.483604	2.09201e+04	4.68292e-11	4.54847e+04	7.38647e-11	9.29733e+04	1.12985e-10	1.82676e+05	1.25084e-10
12.529494	2.09432e+04	4.66640e-11	4.54847e+04	7.38647e-11	9.29105e+04	1.12895e-10	1.82758e+05	1.25135e-10
12.568378	2.08748e+04	4.67445e-11	4.54847e+04	7.38647e-11	9.29105e+04	1.12895e-10	1.82758e+05	1.25135e-10
12.589323	2.08981e+04	4.65792e-11	4.54847e+04	7.38647e-11	9.29105e+04	1.12895e-10	1.82758e+05	1.25135e-10
12.622235	2.08748e+04	4.67445e-11	4.54847e+04	7.38647e-11	9.29105e+04	1.12895e-10	1.82676e+05	1.25084e-10
12.632208	2.08981e+04	4.65792e-11	4.54847e+04	7.38647e-11	9.29105e+04	1.12895e-10	1.82676e+05	1.25084e-10
12.682075	2.09213e+04	4.64147e-11	4.54847e+04	7.38647e-11	9.29105e+04	1.12895e-10	1.82758e+05	1.25135e-10
12.738924	2.09201e+04	4.68292e-11	4.55667e+04	7.39786e-11	9.29105e+04	1.12895e-10	1.82676e+05	1.25084e-10
12.820705	2.09886e+04	4.67479e-11	4.54070e+04	7.38706e-11	9.29105e+04	1.12895e-10	1.82758e+05	1.25135e-10
12.821703	2.09432e+04	4.66640e-11	4.54108e+04	7.39911e-11	9.29105e+04	1.12895e-10	1.82676e+05	1.25084e-10
12.850626	2.09432e+04	4.66640e-11	4.54847e+04	7.38647e-11	9.29105e+04	1.12895e-10	1.82676e+05	1.25084e-10
12.884535	2.09664e+04	4.64995e-11	4.54847e+04	7.38647e-11	9.29105e+04	1.12895e-10	1.82676e+05	1.25084e-10
12.917448	2.09432e+04	4.66640e-11	4.54809e+04	7.37447e-11	9.29105e+04	1.12895e-10	1.82676e+05	1.25084e-10
12.964323	2.09886e+04	4.67479e-11	4.54847e+04	7.38647e-11	9.29105e+04	1.12895e-10	1.82758e+05	1.25135e-10
13.018179	2.09432e+04	4.66640e-11	4.54847e+04	7.38647e-11	9.29105e+04	1.12895e-10	1.82758e+05	1.25135e-10
13.054083	2.08981e+04	4.65792e-11	4.54847e+04	7.38647e-11	9.29105e+04	1.12895e-10	1.82758e+05	1.25135e-10
13.095972	2.09201e+04	4.68292e-11	4.54847e+04	7.38647e-11	9.29733e+04	1.12985e-10	1.82758e+05	1.25135e-10
13.133871	2.09201e+04	4.68292e-11	4.54070e+04	7.38706e-11	9.29105e+04	1.12895e-10	1.82676e+05	1.25084e-10
13.199695	2.08981e+04	4.65792e-11	4.54809e+04	7.37447e-11	9.29105e+04	1.12895e-10	1.82758e+05	1.25135e-10
13.216651	2.09664e+04	4.64995e-11	4.54847e+04	7.38647e-11	9.29105e+04	1.12895e-10	1.82676e+05	1.25084e-10
13.286464	2.09664e+04	4.64995e-11	4.54887e+04	7.39850e-11	9.29733e+04	1.12985e-10	1.82758e+05	1.25135e-10
13.305413	2.09432e+04	4.66640e-11	4.54108e+04	7.39911e-11	9.29105e+04	1.12895e-10	1.82758e+05	1.25135e-10
13.333339	2.08981e+04	4.65792e-11	4.54033e+04	7.37504e-11	9.29105e+04	1.12895e-10	1.82758e+05	1.25135e-10
13.388192	2.08981e+04	4.65792e-11	4.55586e+04	7.37388e-11	9.29105e+04	1.12895e-10	1.82676e+05	1.25084e-10
13.427089	2.08531e+04	4.64937e-11	4.55626e+04	7.38586e-11	9.29105e+04	1.12895e-10	1.82676e+05	1.25084e-10
13.461996	2.09201e+04	4.68292e-11	4.54887e+04	7.39850e-11	9.29105e+04	1.12895e-10	1.82676e+05	1.25084e-10
13.514856	2.08517e+04	4.69106e-11	4.54070e+04	7.38706e-11	9.29105e+04	1.12895e-10	1.82758e+05	1.25135e-10
13.571705	2.07848e+04	4.65729e-11	4.54887e+04	7.39850e-11	9.29105e+04	1.12895e-10	1.82676e+05	1.25084e-10
13.600626	2.08748e+04	4.67445e-11	4.54847e+04	7.38647e-11	9.29105e+04	1.12895e-10	1.82758e+05	1.25135e-10
13.616585	2.08297e+04	4.66591e-11	4.54108e+04	7.39911e-11	9.29105e+04	1.12895e-10	1.82676e+05	1.25084e-10
13.728285	2.08297e+04	4.66591e-11	4.54847e+04	7.38647e-11	9.29105e+04	1.12895e-10	1.82758e+05	1.25135e-10
13.735267	2.09432e+04	4.66640e-11	4.54847e+04	7.38647e-11	9.29105e+04	1.12895e-10	1.82758e+05	1.25135e-10
13.772168	2.09432e+04	4.66640e-11	4.54847e+04	7.38647e-11	9.29105e+04	1.12895e-10	1.82758e+05	1.25135e-10
13.785134	2.09664e+04	4.64995e-11	4.54108e+04	7.39911e-11	9.29105e+04	1.12895e-10	1.82676e+05	1.25084e-10
13.900826	2.09664e+04	4.64995e-11	4.54847e+04	7.38647e-11	9.29105e+04	1.12895e-10	1.82758e+05	1.25135e-10
13.900826	2.09213e+04	4.64147e-11	4.54847e+04	7.38647e-11	9.29105e+04	1.12895e-10	1.82758e+05	1.25135e-10
13.910799	2.09655e+04	4.69131e-11	4.55626e+04	7.38586e-11	9.29105e+04	1.12895e-10	1.82676e+05	1.25084e-10
14.026491	2.09201e+04	4.68292e-11	4.54108e+04	7.39911e-11	9.29105e+04	1.12895e-10	1.82758e+05	1.25135e-10
14.026491	2.08981e+04	4.65792e-11	4.54847e+04	7.38647e-11	9.29105e+04	1.12895e-10	1.82758e+05	1.25135e-10
14.058405	2.09664e+04	4.64995e-11	4.54887e+04	7.39850e-11	9.29105e+04	1.12895e-10	1.82758e+05	1.25135e-10
14.102288	2.09655e+04	4.69131e-11	4.54847e+04	7.38647e-11	9.29105e+04	1.12895e-10	1.82676e+05	1.25084e-10
14.121237	2.09201e+04	4.68292e-11	4.54887e+04	7.39850e-11	9.29105e+04	1.12895e-10	1.82758e+05	1.25135e-10
14.188059	2.09213e+04	4.64147e-11	4.55667e+04	7.39786e-11	9.29105e+04	1.12895e-10	1.82758e+05	1.25135e-10
14.231943	2.08531e+04	4.64937e-11	4.54847e+04	7.38647e-11	9.29105e+04	1.12895e-10	1.82758e+05	1.25135e-10
14.255879	2.08297e+04	4.66591e-11	4.54809e+04	7.37447e-11	9.30320e+04	1.12849e-10	1.82676e+05	1.25084e-10
14.276823	2.08531e+04	4.64937e-11	4.54033e+04	7.37504e-11	9.29733e+04	1.12985e-10	1.82758e+05	1.25135e-10
14.320705	2.08531e+04	4.64937e-11	4.54809e+04	7.37447e-11	9.29105e+04	1.12895e-10	1.82676e+05	1.25084e-10
14.355613	2.08748e+04	4.67445e-11	4.54847e+04	7.38647e-11	9.29105e+04	1.12895e-10	1.82676e+05	1.25084e-10
14.454349	2.09432e+04	4.66640e-11	4.54847e+04	7.38647e-11	9.29105e+04	1.12895e-10	1.82758e+05	1.25135e-10
14.502222	2.08981e+04	4.65792e-11	4.54070e+04	7.38706e-11	9.29105e+04	1.12895e-10	1.82758e+05	1.25135e-10
14.550094	2.09432e+04	4.66640e-11	4.54070e+04	7.38706e-11	9.29105e+04	1.12895e-10	1.82758e+05	1.25135e-10
14.569044	2.09664e+04	4.64995e-11	4.54070e+04	7.38706e-11	9.29105e+04	1.12895e-10	1.82758e+05	1.25135e-10
14.609936	2.08765e+04	4.63292e-11	4.55586e+04	7.37388e-11	9.29733e+04	1.12985e-10	1.82676e+05	1.25084e-10
14.63487	2.08531e+04	4.64937e-11	4.55626e+04	7.38586e-11	9.29105e+04	1.12895e-10	1.82676e+05	1.25084e-10
14.675761	2.09886e+04	4.67479e-11	4.54033e+04	7.37504e-11	9.29105e+04	1.12895e-10	1.82758e+05	1.25135e-10
14.722634	2.08748e+04	4.67445e-11	4.54809e+04	7.37447e-11	9.30320e+04	1.12849e-10	1.82758e+05	1.25135e-10
14.758539	2.08981e+04	4.65792e-11	4.54847e+04	7.38647e-11	9.29105e+04	1.12895e-10	1.82758e+05	1.25135e-10
14.798432	2.08981e+04	4.65792e-11	4.54847e+04	7.38647e-11	9.29105e+04	1.12895e-10	1.82758e+05	1.25135e-10
14.847302	2.09432e+04	4.66640e-11	4.55626e+04	7.38586e-11	9.30320e+04	1.12849e-10	1.82676e+05	1.25084e-10
14.847302	2.09213e+04	4.64147e-11	4.55626e+04	7.38586e-11	9.29105e+04	1.12895e-10	1.82676e+05	1.25084e-10
14.898167	2.09664e+04	4.64995e-11	4.55626e+04	7.38586e-11	9.29105e+04	1.12895e-10	1.82676e+05	1.25084e-10
14.927093	2.09886e+04	4.67479e-11	4.54847e+04	7.38647e-11	9.29105e+04	1.12895e-10	1.82758e+05	1.25135e-10
14.979948	2.09664e+04	4.64995e-11	4.54847e+04	7.38647e-11	9.29105e+04	1.12895e-10	1.82758e+05	1.25135e-10
15.022834	2.10116e+04	4.65835e-11	4.54847e+04	7.38647e-11	9.29105e+04	1.12895e-10	1.82758e+05	1.25135e-10
15.068711	2.09201e+04	4.68292e-11	4.54847e+04	7.38647e-11	9.30320e+04	1.12849e-10	1.82676e+05	1.25084e-10
15.102623	2.10116e+04	4.65835e-11	4.54847e+04	7.38647e-11	9.29733e+04	1.12985e-10	1.82676e+05	1.25084e-10
15.134536	2.09886e+04	4.67479e-11	4.54847e+04	7.38647e-11	9.29105e+04	1.12895e-10	1.82676e+05	1.25084e-10
15.182408	2.08065e+04	4.68252e-11	4.54847e+04	7.38647e-11	9.29105e+04	1.12895e-10	1.82676e+05	1.25084e-10
15.215321	2.08748e+04	4.67445e-11	4.54847e+04	7.38647e-11	9.29105e+04	1.12895e-10	1.82676e+05	1.25084e-10
15.263193	2.08748e+04	4.67445e-11	4.54847e+04	7.38647e-11	9.29105e+04	1.12895e-10	1.82676e+05	1.25084e-10
15.311066	2.09213e+04	4.64147e-11	4.55626e+04	7.38586e-11	9.29105e+04	1.12895e-10	1.82758e+05	1.25135e-10
15.34298	2.08981e+04	4.65792e-11	4.54847e+04	7.38647e-11	9.29105e+04	1.12895e-10	1.82758e+05	1.25135e-10
15.390852	2.09432e+04	4.66640e-11	4.54847e+04	7.38647e-11	9.29105e+04	1.12895e-10	1.82676e+05	1.25084e-10
15.423765	2.08981e+04	4.65792e-11	4.54847e+04	7.38647e-11	9.29105e+04	1.12895e-10	1.82676e+05	1.25084e-10
15.471641	2.09432e+04	4.66640e-11	4.54809e+04	7.37447e-11	9.29105e+04	1.12895e-10	1.82676e+05	1.25084e-10
15.502555	2.08981e+04	4.65792e-11	4.54847e+04	7.38647e-11	9.30950e+04	1.12939e-10	1.82758e+05	1.25135e-10
15.550427	2.09664e+04	4.64995e-11	4.54070e+04	7.38706e-11	9.29105e+04	1.12895e-10	1.82758e+05	1.25135e-10
15.5983	2.09432e+04	4.66640e-11	4.54809e+04	7.37447e-11	9.29105e+04	1.12895e-10	1.82676e+05	1.25084e-10
15.642182	2.09664e+04	4.64995e-11	4.54847e+04	7.38647e-11	9.29105e+04	1.12895e-10	1.82676e+05	1.25084e-10
15.795773	2.09655e+04	4.69131e-11	4.54847e+04	7.38647e-11	9.29733e+04	1.12985e-10	1.82758e+05	1.25135e-10
15.795773	2.08748e+04	4.67445e-11	4.54070e+04	7.38706e-11	9.29105e+04	1.12895e-10	1.82676e+05	1.25084e-10
15.795773	2.08297e+04	4.66591e-11	4.54847e+04	7.38647e-11	9.29105e+04	1.12895e-10	1.82758e+05	1.25135e-10
15.795773	2.08531e+04	4.64937e-11	4.54809e+04	7.37447e-11	9.29105e+04	1.12895e-10	1.82676e+05	1.25084e-10
15.840653	2.08981e+04	4.65792e-11	4.54809e+04	7.37447e-11	9.29105e+04	1.12895e-10	1.82676e+05	1.25084e-10
15.944377	2.09213e+04	4.64147e-11	4.54847e+04	7.38647e-11	9.29733e+04	1.12985e-10	1.82758e+05	1.25135e-10
15.944377	2.09213e+04	4.64147e-11	4.54847e+04	7.38647e-11	9.30320e+04	1.12849e-10	1.82758e+05	1.25135e-10
15.967316	2.09664e+04	4.64995e-11	4.54847e+04	7.38647e-11	9.29733e+04	1.12985e-10	1.82758e+05	1.25135e-10
16.016185	2.09432e+04	4.66640e-11	4.55626e+04	7.38586e-11	9.29105e+04	1.12895e-10	1.82758e+05	1.25135e-10
16.080015	2.09213e+04	4.64147e-11	4.54847e+04	7.38647e-11	9.29105e+04	1.12895e-10	1.82676e+05	1.25084e-10
16.091983	2.08748e+04	4.67445e-11	4.54887e+04	7.39850e-11	9.29105e+04	1.12895e-10	1.82676e+05	1.25084e-10
16.15681	2.08741e+04	4.71620e-11	4.54809e+04	7.37447e-11	9.29105e+04	1.12895e-10	1.82758e+05	1.25135e-10
16.206677	2.08970e+04	4.69952e-11	4.54809e+04	7.37447e-11	9.29105e+04	1.12895e-10	1.82758e+05	1.25135e-10
16.206677	2.08517e+04	4.69106e-11	4.54809e+04	7.37447e-11	9.29105e+04	1.12895e-10	1.82758e+05	1.25135e-10
16.304416	2.08531e+04	4.64937e-11	4.54847e+04	7.38647e-11	9.29733e+04	1.12985e-10	1.82890e+05	1.25104e-10
16.339323	2.09664e+04	4.64995e-11	4.54847e+04	7.38647e-11	9.29105e+04	1.12895e-10	1.82676e+05	1.25084e-10
16.339323	2.09213e+04	4.64147e-11	4.54070e+04	7.38706e-11	9.29105e+04	1.12895e-10	1.82758e+05	1.25135e-10
16.411132	2.09432e+04	4.66640e-11	4.55626e+04	7.38586e-11	9.29105e+04	1.12895e-10	1.82676e+05	1.25084e-10
16.439062	2.10116e+04	4.65835e-11	4.54847e+04	7.38647e-11	9.29105e+04	1.12895e-10	1.82758e+05	1.25135e-10
16.476956	2.09201e+04	4.68292e-11	4.54847e+04	7.38647e-11	9.30320e+04	1.12849e-10	1.82676e+05	1.25084e-10
16.522834	2.09201e+04	4.68292e-11	4.54847e+04	7.38647e-11	9.30320e+04	1.12849e-10	1.82758e+05	1.25135e-10
16.591651	2.09432e+04	4.66640e-11	4.54847e+04	7.38647e-11	9.29105e+04	1.12895e-10	1.82758e+05	1.25135e-10
16.591651	2.09213e+04	4.64147e-11	4.54108e+04	7.39911e-11	9.29105e+04	1.12895e-10	1.82758e+05	1.25135e-10
16.645507	2.10116e+04	4.65835e-11	4.54847e+04	7.38647e-11	9.29105e+04	1.12895e-10	1.82758e+05	1.25135e-10
16.722302	2.09213e+04	4.64147e-11	4.54809e+04	7.37447e-11	9.29105e+04	1.12895e-10	1.82758e+05	1.25135e-10
16.754218	2.08981e+04	4.65792e-11	4.54847e+04	7.38647e-11	9.29105e+04	1.12895e-10	1.82676e+05	1.25084e-10
16.774165	2.08765e+04	4.63292e-11	4.54070e+04	7.38706e-11	9.29105e+04	1.12895e-10	1.82758e+05	1.25135e-10
16.78314	2.09897e+04	4.63358e-11	4.54772e+04	7.36248e-11	9.29105e+04	1.12895e-10	1.82758e+05	1.25135e-10
16.850959	2.09897e+04	4.63358e-11	4.54033e+04	7.37504e-11	9.29105e+04	1.12895e-10	1.82758e+05	1.25135e-10
16.900827	2.09432e+04	4.66640e-11	4.54033e+04	7.37504e-11	9.29105e+04	1.12895e-10	1.82676e+05	1.25084e-10
16.958672	2.09213e+04	4.64147e-11	4.54847e+04	7.38647e-11	9.29105e+04	1.12895e-10	1.82758e+05	1.25135e-10
16.974629	2.09213e+04	4.64147e-11	4.54809e+04	7.37447e-11	9.29105e+04	1.12895e-10	1.82676e+05	1.25084e-10
17.038459	2.09664e+04	4.64995e-11	4.54070e+04	7.38706e-11	9.29105e+04	1.12895e-10	1.82676e+05	1.25084e-10
17.041452	2.09213e+04	4.64147e-11	4.54847e+04	7.38647e-11	9.29105e+04	1.12895e-10	1.82676e+05	1.25084e-10
17.0983	2.09201e+04	4.68292e-11	4.54847e+04	7.38647e-11	9.29105e+04	1.12895e-10	1.82758e+05	1.25135e-10
17.196045	2.08297e+04	4.66591e-11	4.54809e+04	7.37447e-11	9.29105e+04	1.12895e-10	1.82676e+05	1.25084e-10
17.196045	2.09201e+04	4.68292e-11	4.54887e+04	7.39850e-11	9.29105e+04	1.12895e-10	1.82758e+05	1.25135e-10
17.20701	2.08981e+04	4.65792e-11	4.54887e+04	7.39850e-11	9.29105e+04	1.12895e-10	1.82758e+05	1.25135e-10
17.234936	2.08297e+04	4.66591e-11	4.54809e+04	7.37447e-11	9.29105e+04	1.12895e-10	1.82676e+05	1.25084e-10
17.354616	2.09432e+04	4.66640e-11	4.54809e+04	7.37447e-11	9.29105e+04	1.12895e-10	1.82676e+05	1.25084e-10
17.370574	2.09432e+04	4.66640e-11	4.54033e+04	7.37504e-11	9.29105e+04	1.12895e-10	1.82625e+05	1.25166e-10
17.371572	2.08970e+04	4.69952e-11	4.54809e+04	7.37447e-11	9.29105e+04	1.12895e-10	1.82625e+05	1.25166e-10
17.433406	2.08981e+04	4.65792e-11	4.54847e+04	7.38647e-11	9.29105e+04	1.12895e-10	1.82676e+05	1.25084e-10
17.438393	2.08531e+04	4.64937e-11	4.54887e+04	7.39850e-11	9.29105e+04	1.12895e-10	1.82758e+05	1.25135e-10
17.50322	2.08065e+04	4.68252e-11	4.54847e+04	7.38647e-11	9.29105e+04	1.12895e-10	1.82676e+05	1.25084e-10
17.544111	2.08531e+04	4.64937e-11	4.54809e+04	7.37447e-11	9.29105e+04	1.12895e-10	1.82676e+05	1.25084e-10
17.56705	2.08981e+04	4.65792e-11	4.54887e+04	7.39850e-11	9.29105e+04	1.12895e-10	1.82758e+05	1.25135e-10
17.638858	2.08531e+04	4.64937e-11	4.54847e+04	7.38647e-11	9.29105e+04	1.12895e-10	1.82676e+05	1.25084e-10
17.669777	2.09432e+04	4.66640e-11	4.54809e+04	7.37447e-11	9.29105e+04	1.12895e-10	1.82676e+05	1.25084e-10
17.761531	2.09886e+04	4.67479e-11	4.54847e+04	7.38647e-11	9.29105e+04	1.12895e-10	1.82758e+05	1.25135e-10
17.762529	2.09201e+04	4.68292e-11	4.54809e+04	7.37447e-11	9.29105e+04	1.12895e-10	1.82676e+05	1.25084e-10
17.791451	2.08981e+04	4.65792e-11	4.54809e+04	7.37447e-11	9.29105e+04	1.12895e-10	1.82758e+05	1.25135e-10
17.829351	2.09432e+04	4.66640e-11	4.54809e+04	7.37447e-11	9.29105e+04	1.12895e-10	1.82676e+05	1.25084e-10
17.875228	2.08531e+04	4.64937e-11	4.54809e+04	7.37447e-11	9.29105e+04	1.12895e-10	1.82676e+05	1.25084e-10
17.921106	2.08297e+04	4.66591e-11	4.54847e+04	7.38647e-11	9.29733e+04	1.12985e-10	1.82544e+05	1.25115e-10
17.998898	2.09201e+04	4.68292e-11	4.54070e+04	7.38706e-11	9.29105e+04	1.12895e-10	1.82676e+05	1.25084e-10
18.019843	2.09432e+04	4.66640e-11	4.54070e+04	7.38706e-11	9.29105e+04	1.12895e-10	1.82758e+05	1.25135e-10
18.019843	2.09432e+04	4.66640e-11	4.54809e+04	7.37447e-11	9.29105e+04	1.12895e-10	1.82758e+05	1.25135e-10
18.063726	2.10116e+04	4.65835e-11	4.54847e+04	7.38647e-11	9.29105e+04	1.12895e-10	1.82676e+05	1.25084e-10
18.104617	2.09432e+04	4.66640e-11	4.54809e+04	7.37447e-11	9.29105e+04	1.12895e-10	1.82758e+05	1.25135e-10
18.144511	2.09213e+04	4.64147e-11	4.54847e+04	7.38647e-11	9.29105e+04	1.12895e-10	1.82676e+05	1.25084e-10
18.177422	2.08981e+04	4.65792e-11	4.54847e+04	7.38647e-11	9.29105e+04	1.12895e-10	1.82676e+05	1.25084e-10
18.227289	2.08748e+04	4.67445e-11	4.54070e+04	7.38706e-11	9.29105e+04	1.12895e-10	1.82676e+05	1.25084e-10
18.275163	2.08297e+04	4.66591e-11	4.54809e+04	7.37447e-11	9.29105e+04	1.12895e-10	1.82758e+05	1.25135e-10
18.303088	2.08531e+04	4.64937e-11	4.54809e+04	7.37447e-11	9.29105e+04	1.12895e-10	1.82758e+05	1.25135e-10
18.350959	2.09432e+04	4.66640e-11	4.54809e+04	7.37447e-11	9.29105e+04	1.12895e-10	1.82676e+05	1.25084e-10
18.382875	2.09664e+04	4.64995e-11	4.54887e+04	7.39850e-11	9.29105e+04	1.12895e-10	1.82758e+05	1.25135e-10
18.431248	2.09664e+04	4.64995e-11	4.54847e+04	7.38647e-11	9.29105e+04	1.12895e-10	1.82676e+05	1.25084e-10
18.462166	2.08531e+04	4.64937e-11	4.54809e+04	7.37447e-11	9.29105e+04	1.12895e-10	1.82758e+05	1.25135e-10
18.513031	2.09432e+04	4.66640e-11	4.54847e+04	7.38647e-11	9.30320e+04	1.12849e-10	1.82758e+05	1.25135e-10
18.558908	2.09664e+04	4.64995e-11	4.54847e+04	7.38647e-11	9.29105e+04	1.12895e-10	1.82758e+05	1.25135e-10
18.594812	2.08748e+04	4.67445e-11	4.54108e+04	7.39911e-11	9.29105e+04	1.12895e-10	1.82758e+05	1.25135e-10
18.653655	2.09432e+04	4.66640e-11	4.54847e+04	7.38647e-11	9.29105e+04	1.12895e-10	1.82676e+05	1.25084e-10
18.67061	2.09664e+04	4.64995e-11	4.54070e+04	7.38706e-11	9.29105e+04	1.12895e-10	1.82758e+05	1.25135e-10
18.71948	2.08748e+04	4.67445e-11	4.54070e+04	7.38706e-11	9.29105e+04	1.12895e-10	1.82758e+05	1.25135e-10
18.750397	2.08531e+04	4.64937e-11	4.54847e+04	7.38647e-11	9.29733e+04	1.12985e-10	1.82676e+05	1.25084e-10
18.798269	2.08981e+04	4.65792e-11	4.54847e+04	7.38647e-11	9.29105e+04	1.12895e-10	1.82758e+05	1.25135e-10
18.857113	2.09886e+04	4.67479e-11	4.54847e+04	7.38647e-11	9.29105e+04	1.12895e-10	1.82758e+05	1.25135e-10
18.879055	2.09432e+04	4.66640e-11	4.54847e+04	7.38647e-11	9.29105e+04	1.12895e-10	1.82758e+05	1.25135e-10
18.942884	2.09664e+04	4.64995e-11	4.54070e+04	7.38706e-11	9.29105e+04	1.12895e-10	1.82676e+05	1.25084e-10
18.958841	2.08765e+04	4.63292e-11	4.54847e+04	7.38647e-11	9.29105e+04	1.12895e-10	1.82676e+05	1.25084e-10
19.020677	2.08748e+04	4.67445e-11	4.54847e+04	7.38647e-11	9.29105e+04	1.12895e-10	1.82758e+05	1.25135e-10
19.052592	2.08748e+04	4.67445e-11	4.54847e+04	7.38647e-11	9.29105e+04	1.12895e-10	1.82625e+05	1.25166e-10
19.093482	2.09201e+04	4.68292e-11	4.54847e+04	7.38647e-11	9.29105e+04	1.12895e-10	1.82758e+05	1.25135e-10
19.174268	2.09432e+04	4.66640e-11	4.54847e+04	7.38647e-11	9.29105e+04	1.12895e-10	1.82676e+05	1.25084e-10
19.180251	2.09664e+04	4.64995e-11	4.54108e+04	7.39911e-11	9.29105e+04	1.12895e-10	1.82758e+05	1.25135e-10
19.277991	2.08531e+04	4.64937e-11	4.54070e+04	7.38706e-11	9.29733e+04	1.12985e-10	1.82758e+05	1.25135e-10
19.277991	2.09213e+04	4.64147e-11	4.55626e+04	7.38586e-11	9.29105e+04	1.12895e-10	1.82758e+05	1.25135e-10
19.319878	2.08748e+04	4.67445e-11	4.54809e+04	7.37447e-11	9.29733e+04	1.12985e-10	1.82676e+05	1.25084e-10
19.368749	2.09201e+04	4.68292e-11	4.55626e+04	7.38586e-11	9.29105e+04	1.12895e-10	1.82758e+05	1.25135e-10
19.440557	2.09886e+04	4.67479e-11	4.54887e+04	7.39850e-11	9.29105e+04	1.12895e-10	1.82758e+05	1.25135e-10
19.440557	2.10341e+04	4.68311e-11	4.54847e+04	7.38647e-11	9.29105e+04	1.12895e-10	1.82758e+05	1.25135e-10
19.478456	2.09432e+04	4.66640e-11	4.54847e+04	7.38647e-11	9.29105e+04	1.12895e-10	1.82758e+05	1.25135e-10
19.503856	2.09201e+04	4.68292e-11	4.54809e+04	7.37447e-11	9.29105e+04	1.12895e-10	1.82758e+05	1.25135e-10
19.547739	2.09201e+04	4.68292e-11	4.55626e+04	7.38586e-11	9.29733e+04	1.12985e-10	1.82676e+05	1.25084e-10
19.589627	2.08531e+04	4.64937e-11	4.54847e+04	7.38647e-11	9.29733e+04	1.12985e-10	1.82676e+05	1.25084e-10
19.63551	2.08981e+04	4.65792e-11	4.54809e+04	7.37447e-11	9.29105e+04	1.12895e-10	1.82676e+05	1.25084e-10
19.668418	2.08981e+04	4.65792e-11	4.54847e+04	7.38647e-11	9.30320e+04	1.12849e-10	1.82758e+05	1.25135e-10
19.795031	2.09201e+04	4.68292e-11	4.54847e+04	7.38647e-11	9.29105e+04	1.12895e-10	1.82758e+05	1.25135e-10
19.795031	2.09432e+04	4.66640e-11	4.55626e+04	7.38586e-11	9.30320e+04	1.12849e-10	1.82758e+05	1.25135e-10
19.806999	2.08531e+04	4.64937e-11	4.54809e+04	7.37447e-11	9.29105e+04	1.12895e-10	1.82676e+05	1.25084e-10
19.830935	2.09213e+04	4.64147e-11	4.54847e+04	7.38647e-11	9.29105e+04	1.12895e-10	1.82758e+05	1.25135e-10
19.888781	2.09432e+04	4.66640e-11	4.54809e+04	7.37447e-11	9.29105e+04	1.12895e-10	1.82676e+05	1.25084e-10
19.935657	2.09886e+04	4.67479e-11	4.54847e+04	7.38647e-11	9.29105e+04	1.12895e-10	1.82758e+05	1.25135e-10
19.968569	2.09213e+04	4.64147e-11	4.54847e+04	7.38647e-11	9.29105e+04	1.12895e-10	1.82758e+05	1.25135e-10
19.999486	2.09201e+04	4.68292e-11	4.54847e+04	7.38647e-11	9.29733e+04	1.12985e-10	1.82676e+05	1.25084e-10
20.073288	2.08970e+04	4.69952e-11	4.54887e+04	7.39850e-11	9.29733e+04	1.12985e-10	1.82758e+05	1.25135e-10
20.101214	2.08748e+04	4.67445e-11	4.54847e+04	7.38647e-11	9.29105e+04	1.12895e-10	1.82676e+05	1.25084e-10
20.122158	2.08981e+04	4.65792e-11	4.55586e+04	7.37388e-11	9.29105e+04	1.12895e-10	1.82758e+05	1.25135e-10
20.186985	2.09432e+04	4.66640e-11	4.54847e+04	7.38647e-11	9.30950e+04	1.12939e-10	1.82758e+05	1.25135e-10
20.202943	2.09213e+04	4.64147e-11	4.54070e+04	7.38706e-11	9.29105e+04	1.12895e-10	1.82758e+05	1.25135e-10
20.325616	2.08981e+04	4.65792e-11	4.54070e+04	7.38706e-11	9.29105e+04	1.12895e-10	1.82676e+05	1.25084e-10
20.325616	2.09213e+04	4.64147e-11	4.54809e+04	7.37447e-11	9.29105e+04	1.12895e-10	1.82758e+05	1.25135e-10
20.337584	2.09213e+04	4.64147e-11	4.55626e+04	7.38586e-11	9.29105e+04	1.12895e-10	1.82676e+05	1.25084e-10
20.393435	2.08981e+04	4.65792e-11	4.54108e+04	7.39911e-11	9.29105e+04	1.12895e-10	1.82758e+05	1.25135e-10
20.403409	2.08748e+04	4.67445e-11	4.54809e+04	7.37447e-11	9.29105e+04	1.12895e-10	1.82758e+05	1.25135e-10
20.481204	2.08981e+04	4.65792e-11	4.54847e+04	7.38647e-11	9.29105e+04	1.12895e-10	1.82758e+05	1.25135e-10
20.481204	2.08748e+04	4.67445e-11	4.54887e+04	7.39850e-11	9.29105e+04	1.12895e-10	1.82758e+05	1.25135e-10
20.554008	2.08297e+04	4.66591e-11	4.54847e+04	7.38647e-11	9.29105e+04	1.12895e-10	1.82676e+05	1.25084e-10
20.561985	2.08554e+04	4.60790e-11	4.54847e+04	7.38647e-11	9.29105e+04	1.12895e-10	1.82758e+05	1.25135e-10
20.622824	2.09664e+04	4.64995e-11	4.54847e+04	7.38647e-11	9.29105e+04	1.12895e-10	1.82758e+05	1.25135e-10
20.682664	2.09213e+04	4.64147e-11	4.54847e+04	7.38647e-11	9.29105e+04	1.12895e-10	1.82758e+05	1.25135e-10
20.696627	2.08318e+04	4.62428e-11	4.54847e+04	7.38647e-11	9.29105e+04	1.12895e-10	1.82758e+05	1.25135e-10
20.734526	2.08531e+04	4.64937e-11	4.54847e+04	7.38647e-11	9.29733e+04	1.12985e-10	1.82758e+05	1.25135e-10
20.799353	2.09432e+04	4.66640e-11	4.54809e+04	7.37447e-11	9.29105e+04	1.12895e-10	1.82676e+05	1.25084e-10
20.825284	2.09213e+04	4.64147e-11	4.54809e+04	7.37447e-11	9.29105e+04	1.12895e-10	1.82758e+05	1.25135e-10
